Applicant_ID,Age,Gender,Marital_Status,Dependents,Education_Level,Employment_Type,Annual_Income,Credit_Score,Existing_Loans,Loan_Amount,Loan_Term_Months,Loan_Purpose,Collateral_Value,City,Loan_to_Income_Ratio,Debt_to_Income_Ratio,Late_Payments_Count,Default_History,Loan_Status
A0001,59,Female,Married,2,Graduate,Self-employed,1273276,848,1,1356847,12,Home,1173077,Chennai,1.07,1.11,5,Yes,Rejected
A0002,49,Male,Married,1,Highschool,Salaried,1193931,641,0,695976,60,Business,784516,Pune,0.58,0.12,5,Yes,Rejected
A0003,35,Male,Married,2,Graduate,Salaried,431237,706,2,951980,180,Medical,616798,Ahmedabad,2.21,0.43,5,Yes,Rejected
A0004,28,Female,Married,1,Graduate,Self-employed,1108063,724,1,373306,180,Personal,1142284,Delhi,0.34,0.08,2,No,Approved
A0005,41,Male,Single,0,Highschool,Self-employed,506024,392,2,697823,120,Medical,622107,Jaipur,1.38,0.38,2,No,Rejected
A0006,59,Male,Widowed,2,Highschool,Salaried,314003,711,2,500435,120,Education,1030649,Chennai,1.59,0.54,0,No,Rejected
A0007,39,Female,Widowed,2,Graduate,Salaried,1387968,731,0,695152,60,Vehicle,1284179,Pune,0.5,0.1,3,Yes,Rejected
A0008,43,Male,Married,0,Postgraduate,Salaried,249589,458,2,1266947,120,Personal,930784,Jaipur,5.08,0.99,4,Yes,Rejected
A0009,31,Male,Single,2,Postgraduate,Retired,450606,313,1,799793,12,Vehicle,560591,Indore,1.77,1.91,0,No,Rejected
A0010,31,Female,Married,3,Highschool,Salaried,931636,672,2,613214,60,Home,551741,Delhi,0.66,0.26,4,Yes,Rejected
A0011,44,Female,Single,1,Graduate,Retired,760185,524,3,881704,240,Business,1563484,Lucknow,1.16,0.29,0,No,Rejected
A0012,56,Male,Single,1,Graduate,Self-employed,389637,804,2,1214764,60,Personal,895318,Mumbai,3.12,0.93,2,No,Rejected
A0013,44,Male,Single,1,Graduate,Salaried,886290,372,0,1334599,24,Education,1895703,Kolkata,1.51,0.75,5,Yes,Rejected
A0014,23,Female,Married,3,Graduate,Salaried,1462469,548,1,862476,36,Home,723809,Indore,0.59,0.24,3,Yes,Rejected
A0015,42,Female,Married,1,Postgraduate,Salaried,1319510,810,0,660846,180,Home,1572102,Ahmedabad,0.5,0.03,2,No,Approved
A0016,22,Male,Married,0,Postgraduate,Salaried,780118,515,3,228938,24,Vehicle,156837,Kolkata,0.29,0.38,3,Yes,Rejected
A0017,44,Female,Married,2,Graduate,Salaried,467673,840,2,1295307,36,Home,1444132,Lucknow,2.77,1.18,4,Yes,Rejected
A0018,50,Male,Married,3,Graduate,Self-employed,556742,519,0,896867,60,Personal,519676,Indore,1.61,0.32,0,No,Rejected
A0019,58,Male,Single,1,Graduate,Retired,957582,520,0,874560,180,Vehicle,1795651,Chennai,0.91,0.06,1,No,Rejected
A0020,22,Male,Single,0,Highschool,Salaried,282987,688,0,712082,120,Home,1010913,Jaipur,2.52,0.25,1,No,Rejected
A0021,41,Male,Widowed,2,Graduate,Self-employed,1386585,853,0,980255,36,Education,1610921,Delhi,0.71,0.24,3,Yes,Rejected
A0022,53,Male,Single,2,Graduate,Salaried,764174,341,3,955656,60,Medical,1966677,Jaipur,1.25,0.49,5,Yes,Rejected
A0023,32,Female,Married,3,Graduate,Salaried,749567,582,3,566441,60,Personal,1761924,Bhopal,0.76,0.39,5,Yes,Rejected
A0024,42,Female,Married,3,Highschool,Salaried,631322,357,2,625667,24,Education,1667519,Pune,0.99,0.69,3,Yes,Rejected
A0025,45,Female,Married,3,Highschool,Salaried,310776,836,2,584716,24,Education,1325745,Ahmedabad,1.88,1.33,2,No,Rejected
A0026,47,Female,Married,0,Postgraduate,Retired,568444,372,1,738922,120,Vehicle,269289,Bhopal,1.3,0.24,1,No,Rejected
A0027,48,Male,Married,0,Highschool,Self-employed,1362369,428,3,877867,240,Business,625494,Bhopal,0.64,0.16,2,No,Rejected
A0028,36,Male,Married,3,Graduate,Salaried,410809,898,0,1468465,48,Vehicle,1235445,Ahmedabad,3.57,0.89,4,Yes,Rejected
A0029,35,Male,Divorced,1,Highschool,Salaried,1420192,725,0,1069309,12,Personal,1876731,Pune,0.75,0.75,1,No,Rejected
A0030,23,Male,Married,2,Highschool,Salaried,1490838,424,1,505732,48,Personal,597518,Chennai,0.34,0.13,4,Yes,Rejected
A0031,57,Female,Single,2,Highschool,Salaried,733285,366,0,834782,48,Vehicle,1970910,Pune,1.14,0.28,0,No,Rejected
A0032,27,Male,Married,0,Highschool,Self-employed,1354678,305,1,316915,180,Business,679290,Delhi,0.23,0.06,2,No,Rejected
A0033,41,Male,Divorced,2,Postgraduate,Self-employed,1072143,613,2,1304491,240,Vehicle,1465544,Jaipur,1.22,0.17,3,Yes,Rejected
A0034,29,Female,Single,1,Highschool,Salaried,765148,625,3,1285560,180,Personal,1156714,Chennai,1.68,0.35,1,No,Rejected
A0035,59,Female,Married,2,Postgraduate,Salaried,1176974,864,1,318431,120,Business,1779961,Mumbai,0.27,0.08,2,No,Approved
A0036,38,Female,Married,0,Graduate,Salaried,837506,877,0,1046301,180,Personal,736664,Jaipur,1.25,0.08,3,Yes,Rejected
A0037,24,Female,Married,0,Graduate,Salaried,722070,805,1,761809,36,Business,1110616,Chennai,1.06,0.43,0,No,Rejected
A0038,45,Male,Single,1,Graduate,Salaried,307041,381,2,232797,120,Business,1681532,Pune,0.76,0.47,1,No,Rejected
A0039,34,Male,Married,1,Graduate,Salaried,574368,898,0,967838,120,Vehicle,1771632,Ahmedabad,1.69,0.17,4,Yes,Rejected
A0040,29,Female,Divorced,2,Graduate,Self-employed,525800,301,2,1157880,60,Vehicle,504788,Pune,2.2,0.67,0,No,Rejected
A0041,46,Male,Single,2,Highschool,Self-employed,916438,503,2,1090562,60,Vehicle,1506440,Mumbai,1.19,0.37,5,Yes,Rejected
A0042,22,Male,Single,0,Graduate,Salaried,681862,703,1,225555,60,Business,1890038,Chennai,0.33,0.15,3,Yes,Rejected
A0043,40,Male,Widowed,1,Postgraduate,Salaried,1324866,402,2,1481040,12,Business,1105391,Delhi,1.12,1.21,1,No,Rejected
A0044,48,Female,Single,1,Postgraduate,Salaried,1305209,835,0,568224,36,Personal,216741,Pune,0.44,0.15,1,No,Approved
A0045,27,Male,Married,1,Postgraduate,Salaried,1369694,667,2,1133424,36,Education,1161365,Chennai,0.83,0.36,0,No,Rejected
A0046,28,Female,Married,2,Graduate,Self-employed,898961,511,2,1243064,60,Vehicle,1477482,Jaipur,1.38,0.41,1,No,Rejected
A0047,55,Male,Single,1,Graduate,Salaried,1251690,876,1,1407066,48,Medical,743766,Mumbai,1.12,0.33,3,Yes,Rejected
A0048,34,Male,Married,0,Graduate,Salaried,1012934,508,2,1486311,12,Personal,1007536,Delhi,1.47,1.59,0,No,Rejected
A0049,37,Male,Married,0,Graduate,Salaried,249768,416,3,885890,48,Personal,844355,Chennai,3.55,1.61,4,Yes,Rejected
A0050,56,Female,Married,2,Highschool,Self-employed,1173069,777,1,1022229,24,Home,1216220,Indore,0.87,0.49,0,No,Rejected
A0051,24,Male,Single,3,Graduate,Salaried,283123,404,1,840957,36,Vehicle,1233678,Pune,2.97,1.2,0,No,Rejected
A0052,22,Female,Married,2,Highschool,Salaried,366405,794,0,606289,36,Personal,330048,Mumbai,1.65,0.55,4,Yes,Rejected
A0053,26,Female,Single,3,Graduate,Salaried,203174,345,0,712495,48,Home,1817397,Delhi,3.51,0.88,5,Yes,Rejected
A0054,24,Female,Single,1,Postgraduate,Self-employed,317769,630,0,298017,12,Medical,237469,Delhi,0.94,0.94,3,Yes,Rejected
A0055,49,Male,Widowed,2,Highschool,Retired,497542,515,0,1164941,36,Medical,757596,Bhopal,2.34,0.78,5,Yes,Rejected
A0056,38,Male,Single,0,Highschool,Salaried,629145,791,3,952224,48,Vehicle,1733139,Kolkata,1.51,0.66,5,Yes,Rejected
A0057,46,Male,Married,1,Highschool,Self-employed,1383969,748,1,820217,120,Business,1125664,Mumbai,0.59,0.1,5,Yes,Rejected
A0058,54,Male,Single,0,Postgraduate,Retired,966868,835,2,871769,120,Home,529896,Delhi,0.9,0.21,2,No,Rejected
A0059,30,Female,Married,1,Graduate,Retired,1435069,810,0,771064,180,Business,569955,Chennai,0.54,0.04,5,Yes,Rejected
A0060,56,Female,Single,2,Graduate,Salaried,796923,757,0,260974,12,Medical,1628411,Bhopal,0.33,0.33,2,No,Approved
A0061,34,Female,Widowed,3,Postgraduate,Salaried,1128864,846,0,1006073,48,Medical,939989,Kolkata,0.89,0.22,4,Yes,Rejected
A0062,51,Male,Married,1,Postgraduate,Salaried,967166,835,2,332366,180,Education,1549388,Jaipur,0.34,0.15,3,Yes,Rejected
A0063,35,Female,Single,3,Graduate,Self-employed,417070,839,0,350319,120,Education,927366,Chennai,0.84,0.08,5,Yes,Rejected
A0064,28,Male,Single,1,Graduate,Salaried,599017,783,2,939949,12,Education,1963399,Pune,1.57,1.77,1,No,Rejected
A0065,34,Female,Single,0,Graduate,Self-employed,1131775,315,1,134012,240,Education,1283483,Kolkata,0.12,0.06,4,Yes,Rejected
A0066,43,Male,Married,0,Graduate,Salaried,569359,870,1,766775,180,Personal,862380,Mumbai,1.35,0.2,2,No,Rejected
A0067,41,Male,Single,1,Highschool,Self-employed,1398632,542,1,607730,240,Education,1906888,Pune,0.43,0.06,3,Yes,Rejected
A0068,36,Female,Married,3,Postgraduate,Self-employed,1074527,506,3,132161,60,Personal,1106136,Lucknow,0.12,0.19,0,No,Rejected
A0069,38,Female,Married,2,Graduate,Salaried,1047374,570,2,554529,12,Personal,901495,Lucknow,0.53,0.64,3,Yes,Rejected
A0070,44,Female,Single,2,Highschool,Self-employed,343933,414,0,347066,24,Vehicle,1023695,Mumbai,1.01,0.5,3,Yes,Rejected
A0071,46,Female,Married,0,Graduate,Salaried,1347546,879,0,863977,60,Personal,214601,Jaipur,0.64,0.13,5,Yes,Rejected
A0072,45,Male,Married,2,Highschool,Self-employed,1330779,598,0,1413122,180,Personal,880650,Kolkata,1.06,0.07,5,Yes,Rejected
A0073,49,Female,Single,0,Highschool,Salaried,1440895,782,0,1211766,48,Education,376606,Bhopal,0.84,0.21,2,No,Rejected
A0074,35,Female,Single,2,Graduate,Salaried,1448749,696,3,1394832,60,Personal,683775,Indore,0.96,0.32,2,No,Rejected
A0075,21,Female,Single,1,Highschool,Retired,701946,693,0,1070055,60,Business,936827,Delhi,1.52,0.3,5,Yes,Rejected
A0076,45,Male,Married,0,Graduate,Salaried,876337,374,3,1423995,180,Education,1232862,Indore,1.62,0.31,5,Yes,Rejected
A0077,27,Male,Married,0,Graduate,Self-employed,1466302,781,2,639203,48,Home,280141,Lucknow,0.44,0.19,1,No,Approved
A0078,29,Female,Married,1,Highschool,Salaried,1074609,402,1,1411629,48,Education,1169842,Lucknow,1.31,0.38,1,No,Rejected
A0079,44,Male,Married,0,Postgraduate,Salaried,292172,596,0,1000542,120,Personal,974507,Jaipur,3.42,0.34,4,Yes,Rejected
A0080,21,Female,Married,2,Highschool,Salaried,870990,477,1,1214484,24,Business,1052255,Indore,1.39,0.77,5,Yes,Rejected
A0081,28,Male,Married,2,Graduate,Salaried,744344,514,2,1275913,48,Education,488241,Indore,1.71,0.59,0,No,Rejected
A0082,44,Male,Married,0,Graduate,Salaried,1387030,614,2,134112,36,Business,1613172,Bhopal,0.1,0.12,1,No,Rejected
A0083,31,Male,Single,2,Highschool,Salaried,1304315,338,0,829411,36,Home,1254672,Jaipur,0.64,0.21,2,No,Rejected
A0084,37,Male,Single,3,Highschool,Salaried,248639,558,2,1151007,24,Medical,695202,Jaipur,4.63,2.8,3,Yes,Rejected
A0085,28,Female,Single,0,Graduate,Salaried,653054,306,1,1235166,12,Home,982912,Mumbai,1.89,1.98,4,Yes,Rejected
A0086,55,Female,Single,1,Postgraduate,Retired,639257,348,0,948607,180,Medical,987036,Pune,1.48,0.1,1,No,Rejected
A0087,55,Female,Married,3,Highschool,Retired,987424,837,3,394768,12,Vehicle,447154,Jaipur,0.4,0.58,3,Yes,Rejected
A0088,53,Male,Divorced,0,Graduate,Salaried,796682,460,0,1355769,36,Medical,529983,Jaipur,1.7,0.57,3,Yes,Rejected
A0089,25,Female,Single,1,Graduate,Self-employed,529801,475,1,161264,48,Vehicle,226812,Chennai,0.3,0.19,1,No,Rejected
A0090,59,Female,Single,2,Postgraduate,Salaried,1013592,890,0,1000198,24,Education,582787,Kolkata,0.99,0.49,0,No,Rejected
A0091,48,Female,Married,1,Graduate,Self-employed,382447,301,0,787318,12,Vehicle,23382,Kolkata,2.06,2.06,0,No,Rejected
A0092,27,Male,Divorced,3,Graduate,Self-employed,548586,754,1,462355,12,Business,1849243,Ahmedabad,0.84,0.95,4,Yes,Rejected
A0093,29,Male,Single,2,Graduate,Retired,874932,575,0,743790,240,Vehicle,717583,Indore,0.85,0.04,0,No,Rejected
A0094,28,Male,Married,0,Graduate,Salaried,580069,797,0,543148,180,Business,1706302,Delhi,0.94,0.06,4,Yes,Rejected
A0095,32,Female,Single,2,Postgraduate,Self-employed,204136,327,1,1378971,60,Medical,1207115,Indore,6.76,1.64,2,No,Rejected
A0096,54,Female,Single,0,Highschool,Salaried,261868,632,2,1454945,36,Medical,452532,Mumbai,5.56,2.31,1,No,Rejected
A0097,53,Female,Widowed,0,Graduate,Retired,544407,300,1,756763,48,Medical,1423188,Mumbai,1.39,0.46,3,Yes,Rejected
A0098,43,Male,Widowed,1,Postgraduate,Salaried,1018599,487,0,1100850,24,Vehicle,1055340,Mumbai,1.08,0.54,4,Yes,Rejected
A0099,44,Male,Single,1,Postgraduate,Salaried,310957,355,3,1354039,12,Medical,746256,Pune,4.35,4.93,0,No,Rejected
A0100,57,Female,Widowed,1,Postgraduate,Self-employed,739767,846,3,1318284,180,Vehicle,1686695,Delhi,1.78,0.36,4,Yes,Rejected
A0101,55,Male,Married,3,Graduate,Self-employed,319392,411,1,897271,60,Vehicle,61836,Kolkata,2.81,0.75,5,Yes,Rejected
A0102,42,Male,Married,3,Graduate,Salaried,860183,609,3,1083050,36,Personal,1342643,Bhopal,1.26,0.63,4,Yes,Rejected
A0103,47,Male,Married,1,Graduate,Retired,980516,335,0,1327477,36,Personal,1303609,Kolkata,1.35,0.45,0,No,Rejected
A0104,55,Male,Married,3,Graduate,Salaried,1450104,738,0,1288878,180,Vehicle,1930719,Pune,0.89,0.06,5,Yes,Rejected
A0105,21,Female,Married,2,Highschool,Salaried,1006017,891,1,594523,240,Business,16292,Mumbai,0.59,0.09,5,Yes,Rejected
A0106,55,Male,Married,2,Graduate,Salaried,1483423,894,0,325864,24,Education,911345,Pune,0.22,0.11,0,No,Approved
A0107,57,Male,Single,3,Graduate,Salaried,1061501,876,2,722207,12,Home,1967694,Kolkata,0.68,0.79,5,Yes,Rejected
A0108,34,Male,Single,3,Highschool,Salaried,465864,624,0,1450683,24,Personal,1331659,Bhopal,3.11,1.56,1,No,Rejected
A0109,23,Male,Single,2,Graduate,Salaried,481411,606,1,811232,180,Vehicle,1292348,Ahmedabad,1.69,0.24,3,Yes,Rejected
A0110,21,Female,Married,0,Graduate,Salaried,1395344,833,2,742064,180,Home,1067376,Delhi,0.53,0.12,1,No,Approved
A0111,25,Female,Single,2,Postgraduate,Salaried,885328,408,2,965630,24,Personal,56440,Pune,1.09,0.68,1,No,Rejected
A0112,46,Male,Married,2,Highschool,Salaried,515508,671,3,1293387,120,Education,416462,Kolkata,2.51,0.6,0,No,Rejected
A0113,34,Male,Widowed,3,Highschool,Self-employed,616561,656,0,230697,60,Business,651809,Delhi,0.37,0.07,0,No,Rejected
A0114,59,Male,Single,2,Graduate,Self-employed,251567,480,1,949726,36,Vehicle,446021,Kolkata,3.78,1.5,3,Yes,Rejected
A0115,47,Male,Married,3,Highschool,Salaried,291229,655,3,1328004,120,Education,1047568,Kolkata,4.56,1.07,4,Yes,Rejected
A0116,29,Male,Married,3,Graduate,Salaried,1179111,367,3,626077,48,Personal,1694191,Bhopal,0.53,0.29,1,No,Rejected
A0117,35,Male,Married,1,Graduate,Salaried,1447892,591,0,975729,36,Vehicle,1622512,Ahmedabad,0.67,0.22,5,Yes,Rejected
A0118,35,Female,Single,2,Highschool,Salaried,1064950,480,0,1409989,36,Home,1950200,Delhi,1.32,0.44,3,Yes,Rejected
A0119,46,Male,Married,0,Graduate,Self-employed,807132,765,1,268678,60,Medical,450067,Mumbai,0.33,0.14,1,No,Approved
A0120,33,Female,Married,1,Graduate,Salaried,1412567,733,3,531856,48,Business,1997768,Delhi,0.38,0.22,4,Yes,Rejected
A0121,52,Female,Divorced,3,Graduate,Salaried,839888,763,1,1185643,12,Personal,355642,Jaipur,1.41,1.48,5,Yes,Rejected
A0122,59,Male,Married,3,Postgraduate,Salaried,824913,833,3,1075924,48,Business,816196,Mumbai,1.3,0.54,1,No,Rejected
A0123,52,Female,Married,0,Postgraduate,Salaried,1117999,365,3,903789,12,Vehicle,1867478,Delhi,0.81,0.97,2,No,Rejected
A0124,24,Female,Married,3,Graduate,Self-employed,1031187,320,3,270923,240,Medical,1829024,Chennai,0.26,0.19,3,Yes,Rejected
A0125,50,Female,Married,2,Graduate,Retired,1281900,683,0,400406,240,Education,169573,Chennai,0.31,0.02,0,No,Rejected
A0126,57,Female,Married,1,Graduate,Salaried,1065361,858,3,617961,48,Business,1105783,Kolkata,0.58,0.31,1,No,Approved
A0127,43,Female,Single,3,Postgraduate,Salaried,594768,338,3,1356501,24,Home,1110733,Mumbai,2.28,1.44,5,Yes,Rejected
A0128,59,Female,Divorced,3,Graduate,Self-employed,251272,584,3,1135598,180,Personal,1182864,Delhi,4.52,1.02,5,Yes,Rejected
A0129,35,Male,Married,0,Graduate,Retired,629069,896,2,514750,48,Home,1726008,Kolkata,0.82,0.4,3,Yes,Rejected
A0130,49,Female,Married,2,Postgraduate,Salaried,449264,635,0,977702,120,Business,1142354,Indore,2.18,0.22,3,Yes,Rejected
A0131,56,Female,Single,3,Highschool,Salaried,888284,487,2,263944,120,Medical,130016,Kolkata,0.3,0.16,5,Yes,Rejected
A0132,33,Female,Married,0,Postgraduate,Salaried,436538,542,0,598953,60,Education,1697152,Pune,1.37,0.27,5,Yes,Rejected
A0133,52,Male,Single,3,Highschool,Salaried,778963,372,1,1025193,180,Education,168204,Chennai,1.32,0.16,5,Yes,Rejected
A0134,27,Female,Married,0,Graduate,Salaried,715447,778,2,693391,180,Home,1159149,Indore,0.97,0.23,1,No,Rejected
A0135,42,Male,Single,0,Graduate,Salaried,1322167,860,1,972700,12,Vehicle,120730,Lucknow,0.74,0.78,5,Yes,Rejected
A0136,48,Female,Married,2,Postgraduate,Salaried,353706,400,3,609085,36,Vehicle,1983941,Pune,1.72,1.08,0,No,Rejected
A0137,22,Male,Widowed,3,Postgraduate,Salaried,1443400,813,1,661700,60,Medical,1112762,Mumbai,0.46,0.13,5,Yes,Rejected
A0138,26,Male,Single,2,Graduate,Self-employed,539148,475,1,1458454,120,Education,505349,Kolkata,2.71,0.38,0,No,Rejected
A0139,48,Female,Widowed,0,Graduate,Salaried,1173902,537,1,602850,120,Home,1839968,Chennai,0.51,0.1,1,No,Rejected
A0140,48,Female,Married,1,Graduate,Salaried,953818,358,1,1498513,240,Home,18781,Ahmedabad,1.57,0.14,3,Yes,Rejected
A0141,40,Male,Married,3,Postgraduate,Salaried,1027150,398,0,1170804,12,Home,1286253,Chennai,1.14,1.14,0,No,Rejected
A0142,50,Female,Married,1,Graduate,Salaried,1362203,794,2,220627,120,Business,257506,Bhopal,0.16,0.1,1,No,Approved
A0143,31,Male,Married,3,Graduate,Retired,489014,813,0,440068,120,Medical,1079702,Chennai,0.9,0.09,5,Yes,Rejected
A0144,48,Male,Married,2,Highschool,Salaried,1285970,596,0,106475,12,Vehicle,1286793,Ahmedabad,0.08,0.08,1,No,Rejected
A0145,45,Male,Married,2,Graduate,Salaried,1038489,510,0,852451,120,Vehicle,415794,Ahmedabad,0.82,0.08,5,Yes,Rejected
A0146,59,Male,Married,2,Graduate,Self-employed,1328371,422,1,1101198,36,Business,1564050,Kolkata,0.83,0.32,1,No,Rejected
A0147,53,Male,Single,2,Graduate,Salaried,542553,528,0,341382,24,Personal,1941042,Mumbai,0.63,0.31,3,Yes,Rejected
A0148,21,Female,Married,2,Highschool,Retired,242137,893,2,915977,60,Business,280027,Ahmedabad,3.78,1.25,0,No,Rejected
A0149,47,Male,Married,1,Postgraduate,Salaried,338925,687,0,616187,36,Medical,554070,Chennai,1.82,0.61,3,Yes,Rejected
A0150,33,Male,Married,2,Highschool,Salaried,736667,439,3,1116254,36,Home,1367107,Mumbai,1.52,0.75,2,No,Rejected
A0151,23,Female,Married,0,Graduate,Salaried,1133296,840,1,824135,24,Business,1720915,Delhi,0.73,0.42,5,Yes,Rejected
A0152,59,Male,Married,0,Postgraduate,Salaried,321169,690,3,530037,240,Home,820178,Chennai,1.65,0.64,0,No,Rejected
A0153,26,Female,Married,1,Graduate,Self-employed,1418015,569,2,392759,180,Medical,261161,Jaipur,0.28,0.1,3,Yes,Rejected
A0154,28,Female,Single,3,Highschool,Self-employed,1397748,311,2,363389,60,Medical,66266,Kolkata,0.26,0.14,0,No,Rejected
A0155,47,Female,Married,0,Graduate,Salaried,575233,688,2,217408,240,Education,524344,Pune,0.38,0.23,2,No,Rejected
A0156,29,Male,Single,3,Postgraduate,Salaried,1180960,636,2,736431,240,Home,1342177,Kolkata,0.62,0.13,4,Yes,Rejected
A0157,57,Male,Single,1,Graduate,Self-employed,663120,805,0,1438352,36,Vehicle,1444035,Ahmedabad,2.17,0.72,5,Yes,Rejected
A0158,53,Male,Single,3,Postgraduate,Retired,1034123,405,1,899288,120,Business,1496823,Lucknow,0.87,0.14,5,Yes,Rejected
A0159,44,Female,Single,3,Highschool,Salaried,1416688,331,2,1336541,240,Medical,1181349,Bhopal,0.94,0.13,1,No,Rejected
A0160,35,Male,Married,3,Graduate,Salaried,973815,373,3,1380874,24,Home,1760317,Jaipur,1.42,0.89,5,Yes,Rejected
A0161,52,Female,Single,3,Graduate,Salaried,424062,470,2,1353405,180,Personal,1754374,Ahmedabad,3.19,0.5,5,Yes,Rejected
A0162,52,Male,Married,1,Postgraduate,Self-employed,257986,368,1,417798,60,Education,335983,Chennai,1.62,0.56,3,Yes,Rejected
A0163,44,Female,Single,0,Highschool,Salaried,631978,661,3,1351222,48,Personal,1129212,Mumbai,2.14,0.82,5,Yes,Rejected
A0164,32,Male,Single,2,Postgraduate,Salaried,1353891,732,3,590783,12,Medical,369841,Jaipur,0.44,0.57,5,Yes,Rejected
A0165,59,Male,Single,3,Graduate,Self-employed,519348,399,3,941813,120,Personal,1115059,Lucknow,1.81,0.53,2,No,Rejected
A0166,22,Male,Single,0,Graduate,Salaried,902214,308,0,1207177,24,Personal,1069081,Pune,1.34,0.67,2,No,Rejected
A0167,23,Female,Married,0,Highschool,Salaried,895139,873,2,1294730,12,Education,399769,Mumbai,1.45,1.58,0,No,Rejected
A0168,57,Female,Married,1,Postgraduate,Salaried,425687,328,0,770008,180,Education,557813,Bhopal,1.81,0.12,0,No,Rejected
A0169,37,Male,Married,0,Highschool,Salaried,1042549,413,3,886796,180,Education,1260050,Indore,0.85,0.23,5,Yes,Rejected
A0170,22,Male,Married,1,Graduate,Salaried,345213,761,0,1314216,48,Education,1144584,Bhopal,3.81,0.95,5,Yes,Rejected
A0171,22,Female,Single,3,Highschool,Salaried,864704,442,0,1097150,240,Personal,1092924,Kolkata,1.27,0.06,1,No,Rejected
A0172,48,Female,Married,3,Postgraduate,Salaried,215896,689,0,564710,36,Vehicle,726547,Jaipur,2.62,0.87,0,No,Rejected
A0173,43,Female,Married,2,Graduate,Salaried,289353,456,2,1418156,36,Vehicle,269417,Kolkata,4.9,2.05,3,Yes,Rejected
A0174,57,Male,Married,2,Graduate,Self-employed,229813,634,3,1497433,60,Education,1374956,Ahmedabad,6.52,2.09,5,Yes,Rejected
A0175,52,Female,Single,2,Highschool,Self-employed,1314255,559,3,1173120,24,Business,730929,Delhi,0.89,0.58,3,Yes,Rejected
A0176,53,Male,Single,0,Graduate,Salaried,866041,381,2,1211871,24,Home,134607,Ahmedabad,1.4,0.84,5,Yes,Rejected
A0177,21,Female,Single,3,Graduate,Salaried,409755,740,0,821075,240,Medical,1984757,Pune,2.0,0.1,3,Yes,Rejected
A0178,39,Male,Single,1,Postgraduate,Salaried,473541,471,0,169409,180,Business,1786960,Jaipur,0.36,0.02,4,Yes,Rejected
A0179,22,Female,Married,2,Postgraduate,Salaried,555398,530,1,1100610,60,Medical,1155733,Delhi,1.98,0.5,3,Yes,Rejected
A0180,46,Female,Married,1,Highschool,Salaried,1427562,374,1,621998,240,Business,1573772,Mumbai,0.44,0.06,0,No,Rejected
A0181,52,Female,Married,1,Graduate,Self-employed,415705,569,1,475903,12,Business,1300875,Delhi,1.14,1.29,5,Yes,Rejected
A0182,26,Female,Married,2,Highschool,Salaried,1241741,361,2,1427877,36,Vehicle,1249801,Pune,1.15,0.48,0,No,Rejected
A0183,52,Female,Married,3,Graduate,Salaried,515929,619,3,1325213,36,Home,1156928,Chennai,2.57,1.21,3,Yes,Rejected
A0184,24,Male,Married,2,Highschool,Salaried,252344,401,1,825356,180,Business,1144543,Kolkata,3.27,0.46,2,No,Rejected
A0185,31,Female,Widowed,1,Graduate,Self-employed,970348,728,3,690176,24,Education,351133,Lucknow,0.71,0.54,2,No,Rejected
A0186,37,Female,Single,2,Graduate,Salaried,675859,554,3,287167,180,Medical,1607943,Ahmedabad,0.42,0.29,2,No,Rejected
A0187,58,Female,Single,1,Graduate,Salaried,1106814,831,3,104507,240,Vehicle,212628,Jaipur,0.09,0.17,5,Yes,Rejected
A0188,44,Male,Single,1,Graduate,Salaried,923906,869,2,1192564,24,Medical,111889,Pune,1.29,0.78,1,No,Rejected
A0189,25,Female,Married,2,Graduate,Self-employed,658819,411,2,460565,60,Education,262063,Indore,0.7,0.32,4,Yes,Rejected
A0190,54,Male,Married,0,Graduate,Self-employed,1408060,612,2,772225,240,Education,311467,Lucknow,0.55,0.11,3,Yes,Rejected
A0191,26,Female,Single,2,Highschool,Salaried,1359065,760,2,127213,48,Business,962824,Pune,0.09,0.11,1,No,Approved
A0192,42,Female,Divorced,0,Graduate,Salaried,644874,761,1,1073458,12,Education,1009602,Indore,1.66,1.76,2,No,Rejected
A0193,31,Male,Single,1,Highschool,Salaried,211549,391,0,1206026,120,Home,352053,Indore,5.7,0.57,3,Yes,Rejected
A0194,36,Female,Divorced,1,Graduate,Salaried,225739,351,0,497693,48,Education,1094681,Indore,2.2,0.55,1,No,Rejected
A0195,53,Male,Single,0,Graduate,Self-employed,1007641,819,0,618728,240,Business,1471956,Chennai,0.61,0.03,0,No,Approved
A0196,29,Male,Single,1,Graduate,Self-employed,831339,397,1,1161331,48,Medical,132957,Delhi,1.4,0.42,2,No,Rejected
A0197,26,Female,Married,0,Highschool,Self-employed,1263692,535,0,1290821,24,Education,975323,Bhopal,1.02,0.51,1,No,Rejected
A0198,36,Male,Single,0,Graduate,Self-employed,744333,673,1,1338553,24,Vehicle,1049,Ahmedabad,1.8,0.98,5,Yes,Rejected
A0199,49,Female,Single,1,Postgraduate,Salaried,1143831,880,1,1317745,24,Vehicle,577569,Indore,1.15,0.63,0,No,Rejected
A0200,23,Female,Single,3,Graduate,Salaried,235709,856,1,1444091,48,Vehicle,1353991,Pune,6.13,1.79,2,No,Rejected
A0201,40,Male,Married,0,Graduate,Self-employed,1177643,533,0,335132,180,Medical,1115273,Mumbai,0.28,0.02,4,Yes,Rejected
A0202,56,Male,Married,2,Graduate,Salaried,1181652,331,3,504470,12,Personal,459567,Mumbai,0.43,0.58,2,No,Rejected
A0203,39,Male,Single,2,Highschool,Self-employed,429167,588,0,235090,180,Vehicle,1085110,Jaipur,0.55,0.04,5,Yes,Rejected
A0204,46,Male,Married,1,Graduate,Salaried,505063,878,0,891624,24,Vehicle,1141610,Kolkata,1.77,0.88,4,Yes,Rejected
A0205,23,Female,Married,3,Graduate,Salaried,1069953,841,2,888447,240,Personal,1106673,Indore,0.83,0.15,4,Yes,Rejected
A0206,39,Female,Single,1,Highschool,Retired,686121,413,1,994586,240,Medical,1757749,Pune,1.45,0.16,4,Yes,Rejected
A0207,40,Male,Married,3,Highschool,Salaried,1200904,503,3,824276,36,Vehicle,287181,Indore,0.69,0.38,3,Yes,Rejected
A0208,52,Female,Single,0,Highschool,Retired,419222,328,2,955738,180,Business,429223,Chennai,2.28,0.44,3,Yes,Rejected
A0209,27,Female,Single,0,Graduate,Retired,913806,773,3,1154405,12,Medical,1521270,Kolkata,1.26,1.46,4,Yes,Rejected
A0210,53,Female,Married,0,Postgraduate,Self-employed,907788,552,3,997883,240,Vehicle,551566,Indore,1.1,0.25,0,No,Rejected
A0211,59,Female,Single,0,Highschool,Self-employed,1165398,685,1,312153,36,Vehicle,1712208,Ahmedabad,0.27,0.14,4,Yes,Rejected
A0212,38,Male,Married,2,Graduate,Salaried,1198653,361,0,380407,12,Personal,1559284,Mumbai,0.32,0.32,1,No,Rejected
A0213,21,Male,Married,2,Highschool,Self-employed,992879,814,1,859036,24,Business,1046417,Indore,0.87,0.49,4,Yes,Rejected
A0214,31,Female,Single,1,Postgraduate,Salaried,332371,729,1,546476,180,Medical,974687,Ahmedabad,1.64,0.29,3,Yes,Rejected
A0215,48,Male,Married,3,Highschool,Salaried,582650,879,2,584427,120,Education,1409893,Ahmedabad,1.0,0.31,3,Yes,Rejected
A0216,45,Male,Single,0,Graduate,Salaried,1222509,836,1,420562,60,Home,824726,Delhi,0.34,0.12,1,No,Approved
A0217,43,Male,Widowed,0,Graduate,Salaried,860354,440,0,624436,24,Business,1646141,Ahmedabad,0.73,0.36,1,No,Rejected
A0218,51,Female,Married,3,Graduate,Salaried,950774,599,3,1019258,240,Education,980013,Kolkata,1.07,0.24,2,No,Rejected
A0219,50,Female,Married,3,Graduate,Salaried,1460811,610,1,697202,48,Business,4694,Mumbai,0.48,0.16,0,No,Rejected
A0220,55,Female,Married,1,Graduate,Salaried,982119,770,3,1209229,120,Education,582438,Jaipur,1.23,0.31,0,No,Rejected
A0221,27,Male,Single,3,Graduate,Self-employed,1124993,692,1,292593,48,Education,1640334,Chennai,0.26,0.12,0,No,Rejected
A0222,36,Female,Married,0,Highschool,Salaried,553791,744,3,440459,12,Business,545844,Mumbai,0.8,1.12,5,Yes,Rejected
A0223,46,Female,Widowed,0,Highschool,Retired,1063787,471,1,1441795,48,Personal,1244119,Pune,1.36,0.4,3,Yes,Rejected
A0224,22,Male,Married,0,Graduate,Self-employed,316220,875,2,1072048,120,Business,573374,Jaipur,3.39,0.72,0,No,Rejected
A0225,21,Female,Married,0,Highschool,Self-employed,421421,330,3,109795,120,Business,674267,Ahmedabad,0.26,0.45,2,No,Rejected
A0226,32,Female,Married,0,Highschool,Salaried,549317,346,1,1383644,24,Education,772687,Indore,2.52,1.37,2,No,Rejected
A0227,25,Male,Single,1,Graduate,Self-employed,988428,429,1,1082364,36,Home,1228135,Delhi,1.1,0.43,0,No,Rejected
A0228,57,Male,Single,0,Postgraduate,Salaried,1030819,651,2,727395,24,Education,1995238,Jaipur,0.71,0.47,1,No,Rejected
A0229,52,Male,Married,1,Graduate,Self-employed,1232469,880,2,413673,12,Vehicle,1986373,Pune,0.34,0.43,2,No,Approved
A0230,29,Female,Married,0,Highschool,Salaried,1251665,357,2,851938,240,Business,1029621,Pune,0.68,0.13,1,No,Rejected
A0231,55,Female,Married,2,Highschool,Self-employed,1085259,405,3,1315598,48,Medical,623756,Jaipur,1.21,0.47,3,Yes,Rejected
A0232,39,Female,Divorced,2,Postgraduate,Retired,820253,629,3,111009,36,Business,819819,Delhi,0.14,0.26,5,Yes,Rejected
A0233,36,Male,Single,2,Highschool,Salaried,805556,682,2,278168,180,Personal,958254,Ahmedabad,0.35,0.17,2,No,Rejected
A0234,23,Male,Single,2,Highschool,Salaried,547186,461,0,489913,60,Medical,1641466,Kolkata,0.9,0.18,1,No,Rejected
A0235,40,Female,Married,1,Graduate,Self-employed,1450374,585,0,1475330,120,Education,1987336,Pune,1.02,0.1,0,No,Rejected
A0236,44,Female,Single,1,Graduate,Salaried,437103,370,1,1216698,36,Personal,1024446,Ahmedabad,2.78,1.07,3,Yes,Rejected
A0237,53,Male,Married,3,Graduate,Self-employed,889925,753,0,430328,240,Business,1542433,Kolkata,0.48,0.02,4,Yes,Rejected
A0238,44,Male,Married,0,Highschool,Salaried,289242,866,1,533297,180,Education,516304,Kolkata,1.84,0.33,4,Yes,Rejected
A0239,31,Male,Married,2,Highschool,Salaried,1247146,696,3,314709,36,Education,923098,Pune,0.25,0.23,0,No,Rejected
A0240,28,Male,Single,1,Postgraduate,Retired,1402532,814,3,1062816,24,Vehicle,1575324,Jaipur,0.76,0.51,3,Yes,Rejected
A0241,56,Female,Married,0,Highschool,Self-employed,784326,325,0,711516,180,Vehicle,72356,Kolkata,0.91,0.06,3,Yes,Rejected
A0242,58,Male,Married,0,Graduate,Self-employed,1096068,612,3,959375,60,Home,1889706,Indore,0.88,0.34,3,Yes,Rejected
A0243,40,Female,Married,1,Graduate,Salaried,960330,425,2,1100294,240,Vehicle,259925,Mumbai,1.15,0.18,3,Yes,Rejected
A0244,55,Female,Single,2,Graduate,Self-employed,1035726,707,2,1201302,120,Medical,1936754,Chennai,1.16,0.23,4,Yes,Rejected
A0245,45,Female,Married,3,Graduate,Salaried,933375,864,0,1046984,240,Education,1589055,Pune,1.12,0.06,1,No,Rejected
A0246,55,Male,Married,0,Highschool,Salaried,365250,497,0,288210,12,Vehicle,608919,Lucknow,0.79,0.79,3,Yes,Rejected
A0247,45,Male,Single,3,Graduate,Self-employed,722820,487,1,845742,12,Home,245702,Kolkata,1.17,1.25,1,No,Rejected
A0248,49,Male,Single,2,Postgraduate,Salaried,462678,783,3,1453223,36,Business,796961,Bhopal,3.14,1.44,3,Yes,Rejected
A0249,38,Male,Single,2,Postgraduate,Salaried,1022564,749,1,277265,180,Medical,32175,Indore,0.27,0.08,2,No,Approved
A0250,38,Female,Married,3,Highschool,Salaried,498254,822,1,947790,36,Vehicle,1328395,Lucknow,1.9,0.75,5,Yes,Rejected
A0251,22,Male,Married,2,Highschool,Self-employed,1050012,653,2,1229433,48,Education,436374,Ahmedabad,1.17,0.41,2,No,Rejected
A0252,55,Male,Married,0,Postgraduate,Salaried,246233,896,2,1039621,60,Business,833230,Chennai,4.22,1.33,5,Yes,Rejected
A0253,36,Female,Single,3,Graduate,Self-employed,1446356,399,2,1407981,120,Education,1905918,Delhi,0.97,0.18,2,No,Rejected
A0254,56,Male,Single,2,Postgraduate,Salaried,651448,857,2,290128,36,Business,1441120,Kolkata,0.45,0.33,3,Yes,Rejected
A0255,53,Female,Married,3,Highschool,Salaried,948810,855,1,1493526,48,Medical,1729912,Delhi,1.57,0.46,1,No,Rejected
A0256,24,Female,Married,0,Graduate,Self-employed,1203941,577,2,679294,180,Education,1767052,Chennai,0.56,0.14,5,Yes,Rejected
A0257,53,Female,Widowed,2,Graduate,Salaried,306311,790,3,348018,60,Vehicle,340822,Indore,1.14,0.81,4,Yes,Rejected
A0258,34,Female,Single,0,Graduate,Salaried,696246,554,2,1084825,120,Vehicle,1111397,Indore,1.56,0.33,0,No,Rejected
A0259,41,Female,Married,2,Graduate,Salaried,229709,680,2,932230,12,Home,510559,Chennai,4.06,4.58,5,Yes,Rejected
A0260,40,Female,Married,1,Highschool,Salaried,1248939,841,2,1225847,48,Business,1060780,Indore,0.98,0.34,5,Yes,Rejected
A0261,28,Female,Married,2,Graduate,Self-employed,694829,563,0,916609,180,Home,973169,Kolkata,1.32,0.09,4,Yes,Rejected
A0262,27,Female,Married,3,Highschool,Salaried,596456,628,3,490166,60,Personal,793826,Chennai,0.82,0.47,3,Yes,Rejected
A0263,23,Male,Married,2,Graduate,Self-employed,245689,414,3,615631,48,Vehicle,246464,Pune,2.51,1.36,2,No,Rejected
A0264,37,Male,Widowed,0,Postgraduate,Salaried,1098704,575,1,1492935,36,Business,851246,Bhopal,1.36,0.51,2,No,Rejected
A0265,53,Male,Single,0,Graduate,Salaried,375037,787,1,1191589,24,Medical,1082169,Ahmedabad,3.18,1.75,1,No,Rejected
A0266,32,Male,Single,2,Postgraduate,Retired,408606,580,2,1464170,12,Home,959468,Mumbai,3.58,3.88,3,Yes,Rejected
A0267,42,Female,Married,3,Highschool,Salaried,1249458,574,0,484784,36,Medical,208260,Jaipur,0.39,0.13,4,Yes,Rejected
A0268,42,Male,Married,1,Graduate,Salaried,979110,627,1,978835,36,Medical,115064,Bhopal,1.0,0.39,3,Yes,Rejected
A0269,50,Female,Single,3,Postgraduate,Salaried,1374441,510,1,538598,180,Medical,492492,Mumbai,0.39,0.07,3,Yes,Rejected
A0270,58,Male,Single,1,Highschool,Salaried,1229516,851,2,723578,180,Home,53365,Jaipur,0.59,0.14,2,No,Approved
A0271,58,Male,Single,0,Highschool,Salaried,228885,325,2,1364686,60,Personal,1813508,Delhi,5.96,1.72,4,Yes,Rejected
A0272,28,Male,Married,3,Graduate,Salaried,596419,326,1,1280408,180,Home,917947,Bhopal,2.15,0.24,0,No,Rejected
A0273,47,Female,Single,1,Highschool,Salaried,915601,382,1,1172718,48,Education,1269087,Lucknow,1.28,0.39,5,Yes,Rejected
A0274,47,Male,Single,2,Graduate,Salaried,595460,712,3,472333,12,Vehicle,1540850,Bhopal,0.79,1.1,2,No,Rejected
A0275,54,Female,Single,0,Postgraduate,Salaried,560466,466,0,993964,36,Home,1469972,Indore,1.77,0.59,4,Yes,Rejected
A0276,41,Female,Single,2,Graduate,Salaried,1232833,468,3,1034794,60,Home,1528447,Kolkata,0.84,0.31,1,No,Rejected
A0277,50,Male,Single,0,Highschool,Salaried,221584,528,1,1088539,240,Personal,206971,Kolkata,4.91,0.52,5,Yes,Rejected
A0278,53,Male,Married,3,Graduate,Self-employed,1019973,666,3,231436,240,Education,961169,Mumbai,0.23,0.19,5,Yes,Rejected
A0279,48,Male,Single,3,Graduate,Retired,753351,827,3,943353,12,Home,103700,Indore,1.25,1.49,2,No,Rejected
A0280,53,Female,Married,0,Highschool,Salaried,1318844,837,1,381941,180,Vehicle,359221,Delhi,0.29,0.06,1,No,Approved
A0281,25,Male,Single,0,Graduate,Self-employed,980594,823,2,1385979,180,Vehicle,1445257,Kolkata,1.41,0.22,2,No,Rejected
A0282,39,Female,Married,0,Graduate,Salaried,1419211,371,1,408444,48,Home,68247,Ahmedabad,0.29,0.11,3,Yes,Rejected
A0283,24,Female,Married,3,Graduate,Salaried,370824,405,2,116105,180,Medical,1231207,Delhi,0.31,0.34,4,Yes,Rejected
A0284,55,Male,Married,1,Highschool,Salaried,950593,581,1,763299,240,Medical,156270,Indore,0.8,0.1,1,No,Rejected
A0285,37,Male,Married,2,Graduate,Salaried,800699,432,1,703760,36,Education,841172,Indore,0.88,0.37,5,Yes,Rejected
A0286,48,Female,Single,2,Highschool,Salaried,1358452,833,1,797389,240,Vehicle,153560,Mumbai,0.59,0.07,2,No,Approved
A0287,50,Female,Single,3,Highschool,Salaried,1446729,568,0,178097,120,Medical,1742451,Pune,0.12,0.01,5,Yes,Rejected
A0288,49,Female,Married,2,Postgraduate,Salaried,884500,711,2,361674,36,Vehicle,1558203,Kolkata,0.41,0.27,1,No,Approved
A0289,26,Male,Widowed,0,Graduate,Retired,864687,317,0,241519,36,Education,1006648,Indore,0.28,0.09,5,Yes,Rejected
A0290,55,Female,Married,1,Highschool,Salaried,1188167,416,1,146940,180,Education,1338618,Indore,0.12,0.06,2,No,Rejected
A0291,57,Male,Married,2,Highschool,Salaried,223331,443,3,833307,12,Medical,1443711,Ahmedabad,3.73,4.54,2,No,Rejected
A0292,44,Female,Married,1,Highschool,Self-employed,223004,850,0,185001,180,Home,181142,Bhopal,0.83,0.06,0,No,Rejected
A0293,49,Female,Married,0,Highschool,Salaried,1487017,721,2,852158,12,Business,586901,Bhopal,0.57,0.65,5,Yes,Rejected
A0294,51,Male,Single,2,Highschool,Salaried,1105675,668,1,851259,12,Personal,1145283,Indore,0.77,0.82,0,No,Rejected
A0295,55,Female,Married,3,Highschool,Self-employed,648013,857,0,1347291,240,Business,373921,Delhi,2.08,0.1,0,No,Rejected
A0296,53,Male,Widowed,1,Graduate,Retired,389167,349,3,1156504,12,Business,1003639,Ahmedabad,2.97,3.43,5,Yes,Rejected
A0297,41,Male,Single,0,Graduate,Self-employed,1131253,405,0,446997,60,Vehicle,1000005,Delhi,0.4,0.08,1,No,Rejected
A0298,52,Female,Married,1,Graduate,Self-employed,482260,515,2,738902,24,Education,47003,Jaipur,1.53,1.01,3,Yes,Rejected
A0299,43,Male,Single,2,Graduate,Self-employed,742955,724,0,217517,180,Vehicle,1621342,Pune,0.29,0.02,2,No,Approved
A0300,53,Male,Married,2,Highschool,Retired,1275878,371,3,1304665,60,Medical,407650,Bhopal,1.02,0.35,4,Yes,Rejected
A0301,23,Female,Single,3,Postgraduate,Salaried,1410583,745,3,1227640,36,Personal,963750,Bhopal,0.87,0.42,0,No,Rejected
A0302,38,Male,Married,0,Postgraduate,Salaried,796822,485,2,494775,60,Medical,1478441,Ahmedabad,0.62,0.27,1,No,Rejected
A0303,45,Male,Married,0,Postgraduate,Salaried,1411272,369,3,1199469,48,Home,1631894,Chennai,0.85,0.34,5,Yes,Rejected
A0304,51,Male,Single,3,Postgraduate,Salaried,1262016,449,1,1425887,120,Personal,708421,Delhi,1.13,0.16,1,No,Rejected
A0305,23,Female,Married,3,Postgraduate,Self-employed,573145,545,3,662886,12,Vehicle,1443791,Kolkata,1.16,1.47,1,No,Rejected
A0306,44,Male,Married,0,Graduate,Salaried,594485,837,1,1287171,180,Vehicle,1194497,Ahmedabad,2.17,0.25,5,Yes,Rejected
A0307,52,Female,Divorced,1,Highschool,Salaried,994300,398,0,936209,48,Medical,1518231,Mumbai,0.94,0.24,4,Yes,Rejected
A0308,42,Female,Single,1,Graduate,Salaried,885611,577,1,521655,180,Vehicle,770448,Chennai,0.59,0.11,5,Yes,Rejected
A0309,43,Male,Single,3,Graduate,Self-employed,540053,862,1,1229636,240,Vehicle,1554796,Lucknow,2.28,0.22,4,Yes,Rejected
A0310,22,Male,Single,1,Graduate,Salaried,894089,754,0,899717,120,Business,839232,Delhi,1.01,0.1,5,Yes,Rejected
A0311,47,Male,Widowed,0,Graduate,Self-employed,740022,403,3,485114,48,Home,791877,Chennai,0.66,0.41,0,No,Rejected
A0312,22,Female,Divorced,2,Highschool,Salaried,1420985,532,1,646982,180,Business,1721976,Ahmedabad,0.46,0.07,4,Yes,Rejected
A0313,46,Male,Married,2,Graduate,Salaried,545744,693,3,1021806,36,Vehicle,508524,Kolkata,1.87,0.95,0,No,Rejected
A0314,37,Male,Married,1,Postgraduate,Salaried,707173,800,0,1409977,12,Education,1835254,Mumbai,1.99,1.99,4,Yes,Rejected
A0315,53,Male,Married,3,Graduate,Salaried,864471,550,2,871136,48,Business,1079729,Pune,1.01,0.39,4,Yes,Rejected
A0316,29,Male,Married,3,Graduate,Self-employed,1460231,820,3,891043,36,Vehicle,1840220,Chennai,0.61,0.33,5,Yes,Rejected
A0317,59,Male,Single,3,Highschool,Retired,632184,378,3,1303960,12,Vehicle,134411,Pune,2.06,2.35,4,Yes,Rejected
A0318,49,Female,Married,3,Graduate,Salaried,1409725,351,2,1293728,24,Home,580526,Indore,0.92,0.54,0,No,Rejected
A0319,46,Female,Single,3,Postgraduate,Salaried,439654,525,2,967050,36,Medical,412610,Bhopal,2.2,1.01,5,Yes,Rejected
A0320,55,Male,Married,1,Graduate,Salaried,627991,350,0,737233,60,Personal,1364591,Jaipur,1.17,0.23,2,No,Rejected
A0321,45,Male,Married,2,Graduate,Self-employed,1437792,485,3,994829,180,Business,887104,Bhopal,0.69,0.17,0,No,Rejected
A0322,44,Male,Married,2,Graduate,Self-employed,1425745,333,3,720501,240,Business,1519514,Lucknow,0.51,0.15,2,No,Rejected
A0323,33,Male,Single,1,Graduate,Salaried,1010935,430,0,120874,12,Business,296751,Kolkata,0.12,0.12,1,No,Rejected
A0324,27,Female,Single,3,Highschool,Salaried,858139,742,3,494813,48,Vehicle,52055,Mumbai,0.58,0.35,5,Yes,Rejected
A0325,56,Male,Single,1,Graduate,Self-employed,1073272,731,1,635888,120,Home,1153085,Pune,0.59,0.12,1,No,Approved
A0326,40,Female,Single,2,Graduate,Salaried,1380403,796,1,1021251,48,Vehicle,1184043,Ahmedabad,0.74,0.23,5,Yes,Rejected
A0327,21,Female,Single,0,Graduate,Salaried,501407,702,1,965847,60,Vehicle,651666,Pune,1.93,0.5,5,Yes,Rejected
A0328,28,Male,Divorced,1,Graduate,Salaried,517231,622,3,571769,180,Medical,1457082,Kolkata,1.11,0.42,0,No,Rejected
A0329,36,Female,Married,3,Postgraduate,Salaried,775770,509,1,780175,60,Education,1136263,Ahmedabad,1.01,0.28,2,No,Rejected
A0330,34,Female,Single,2,Highschool,Self-employed,322989,628,1,839860,48,Home,1375798,Ahmedabad,2.6,0.84,5,Yes,Rejected
A0331,32,Female,Single,2,Postgraduate,Retired,1026547,671,0,718636,240,Business,1445483,Lucknow,0.7,0.04,2,No,Rejected
A0332,43,Female,Married,2,Highschool,Salaried,476393,759,0,205736,180,Personal,400686,Kolkata,0.43,0.03,5,Yes,Rejected
A0333,35,Male,Married,2,Graduate,Salaried,1164329,432,2,512106,120,Business,1969921,Chennai,0.44,0.15,2,No,Rejected
A0334,48,Male,Married,3,Highschool,Salaried,834649,420,2,555040,12,Vehicle,1151228,Bhopal,0.66,0.81,1,No,Rejected
A0335,54,Female,Divorced,0,Graduate,Salaried,499850,751,2,235797,180,Home,325341,Indore,0.47,0.27,0,No,Approved
A0336,22,Male,Married,2,Graduate,Salaried,241139,428,2,536421,36,Home,1628637,Pune,2.22,1.24,5,Yes,Rejected
A0337,52,Male,Widowed,1,Highschool,Salaried,839207,390,0,585077,180,Home,935280,Chennai,0.7,0.05,3,Yes,Rejected
A0338,43,Male,Married,0,Graduate,Salaried,971965,874,0,1075415,60,Education,1568422,Indore,1.11,0.22,2,No,Rejected
A0339,42,Male,Single,2,Postgraduate,Salaried,503446,328,0,1115582,60,Business,202668,Mumbai,2.22,0.44,2,No,Rejected
A0340,45,Male,Divorced,0,Highschool,Salaried,1474332,823,1,735861,60,Education,1953951,Jaipur,0.5,0.14,3,Yes,Rejected
A0341,42,Female,Single,1,Graduate,Salaried,1185663,632,1,375236,120,Medical,1600448,Pune,0.32,0.08,0,No,Rejected
A0342,42,Male,Married,2,Graduate,Salaried,864006,596,2,458062,180,Personal,1817765,Lucknow,0.53,0.17,2,No,Rejected
A0343,26,Male,Single,1,Graduate,Salaried,1245716,429,1,1057274,240,Medical,1446092,Indore,0.85,0.09,0,No,Rejected
A0344,35,Male,Married,3,Highschool,Retired,1064785,592,3,125457,240,Vehicle,1838346,Ahmedabad,0.12,0.17,2,No,Rejected
A0345,57,Male,Married,2,Highschool,Salaried,1037860,472,0,958099,180,Education,1111177,Chennai,0.92,0.06,4,Yes,Rejected
A0346,53,Female,Married,2,Highschool,Salaried,257939,323,2,162894,240,Education,136559,Bhopal,0.63,0.5,2,No,Rejected
A0347,28,Female,Married,2,Highschool,Self-employed,223548,398,2,685593,24,Medical,36282,Lucknow,3.07,2.07,4,Yes,Rejected
A0348,25,Female,Single,2,Highschool,Retired,656437,705,3,858201,120,Vehicle,1274713,Pune,1.31,0.4,5,Yes,Rejected
A0349,59,Female,Single,3,Graduate,Salaried,633917,655,1,309699,12,Home,1426167,Kolkata,0.49,0.58,0,No,Rejected
A0350,24,Male,Married,2,Postgraduate,Self-employed,644503,438,2,1118143,12,Vehicle,620086,Chennai,1.73,1.92,2,No,Rejected
A0351,26,Female,Single,0,Postgraduate,Salaried,337799,802,1,100559,12,Business,1703827,Lucknow,0.3,0.48,1,No,Approved
A0352,52,Male,Married,2,Graduate,Salaried,965820,473,1,137361,12,Medical,1943619,Jaipur,0.14,0.2,1,No,Rejected
A0353,50,Male,Single,3,Highschool,Salaried,381789,328,3,967152,12,Vehicle,159876,Pune,2.53,3.0,3,Yes,Rejected
A0354,55,Male,Widowed,2,Highschool,Self-employed,625643,795,2,901693,240,Home,665275,Mumbai,1.44,0.26,1,No,Rejected
A0355,36,Male,Married,0,Graduate,Self-employed,634352,650,1,1466075,48,Vehicle,1321878,Bhopal,2.31,0.67,4,Yes,Rejected
A0356,33,Male,Married,3,Highschool,Salaried,1002009,853,1,460704,60,Education,205229,Mumbai,0.46,0.15,1,No,Approved
A0357,50,Female,Single,3,Graduate,Salaried,311776,598,3,343950,120,Personal,10547,Indore,1.1,0.69,1,No,Rejected
A0358,39,Female,Married,0,Graduate,Salaried,1085678,491,3,100037,48,Education,1399433,Kolkata,0.09,0.19,1,No,Rejected
A0359,37,Female,Divorced,0,Graduate,Salaried,982119,363,1,798392,120,Personal,1029293,Indore,0.81,0.14,2,No,Rejected
A0360,39,Female,Married,0,Graduate,Salaried,713624,514,3,403564,24,Vehicle,1313179,Bhopal,0.57,0.53,3,Yes,Rejected
A0361,48,Male,Married,0,Postgraduate,Self-employed,412803,465,1,721531,180,Business,1994848,Chennai,1.75,0.26,0,No,Rejected
A0362,46,Female,Married,0,Graduate,Self-employed,358761,842,2,753668,36,Vehicle,63146,Indore,2.1,1.03,3,Yes,Rejected
A0363,57,Male,Single,3,Graduate,Self-employed,697873,531,0,1407006,60,Home,1414297,Kolkata,2.02,0.4,4,Yes,Rejected
A0364,46,Female,Married,3,Postgraduate,Self-employed,557092,840,3,658888,24,Vehicle,632049,Delhi,1.18,0.91,2,No,Rejected
A0365,43,Male,Single,2,Postgraduate,Salaried,221341,494,0,803645,48,Personal,1414447,Delhi,3.63,0.91,5,Yes,Rejected
A0366,29,Male,Single,2,Graduate,Self-employed,559698,805,1,817368,36,Education,1361180,Lucknow,1.46,0.59,2,No,Rejected
A0367,32,Female,Single,1,Graduate,Salaried,1454329,633,1,1405927,180,Business,82970,Lucknow,0.97,0.11,1,No,Rejected
A0368,21,Male,Single,2,Graduate,Salaried,508474,603,1,624720,24,Vehicle,716177,Pune,1.23,0.73,1,No,Rejected
A0369,21,Male,Single,2,Postgraduate,Salaried,973429,736,0,885838,180,Vehicle,1217895,Lucknow,0.91,0.06,4,Yes,Rejected
A0370,54,Female,Single,0,Postgraduate,Salaried,923776,622,1,693975,180,Education,539707,Jaipur,0.75,0.12,5,Yes,Rejected
A0371,52,Male,Widowed,0,Highschool,Salaried,1019745,801,3,868576,240,Business,1018057,Lucknow,0.85,0.22,2,No,Rejected
A0372,45,Female,Married,2,Graduate,Salaried,509044,692,2,958379,120,Medical,559865,Jaipur,1.88,0.42,5,Yes,Rejected
A0373,21,Female,Widowed,1,Graduate,Self-employed,278840,898,2,982756,36,Vehicle,1051497,Lucknow,3.52,1.61,0,No,Rejected
A0374,36,Female,Married,0,Graduate,Salaried,1414343,448,3,285221,120,Vehicle,922180,Mumbai,0.2,0.15,3,Yes,Rejected
A0375,59,Male,Single,2,Highschool,Salaried,361297,704,2,843000,180,Medical,479177,Ahmedabad,2.33,0.49,2,No,Rejected
A0376,25,Male,Married,2,Postgraduate,Retired,1072504,582,0,1336416,240,Personal,1018225,Jaipur,1.25,0.06,5,Yes,Rejected
A0377,42,Male,Married,3,Graduate,Salaried,249156,661,1,553400,24,Personal,1491476,Chennai,2.22,1.35,0,No,Rejected
A0378,49,Female,Single,1,Postgraduate,Salaried,408281,678,1,952224,180,Home,144535,Pune,2.33,0.3,0,No,Rejected
A0379,23,Male,Married,3,Postgraduate,Salaried,287453,497,1,395583,48,Education,521317,Bhopal,1.38,0.55,3,Yes,Rejected
A0380,32,Female,Single,1,Graduate,Salaried,1198412,855,0,1312905,180,Business,1729410,Jaipur,1.1,0.07,0,No,Rejected
A0381,46,Female,Married,0,Graduate,Salaried,225938,655,0,1122697,120,Vehicle,1875943,Indore,4.97,0.5,4,Yes,Rejected
A0382,36,Male,Married,1,Graduate,Salaried,259164,839,0,1324322,36,Vehicle,649822,Ahmedabad,5.11,1.7,0,No,Rejected
A0383,57,Female,Single,2,Highschool,Salaried,647746,728,3,1461968,24,Home,1508797,Mumbai,2.26,1.41,5,Yes,Rejected
A0384,42,Male,Single,2,Graduate,Salaried,923559,316,0,800731,120,Vehicle,1829736,Delhi,0.87,0.09,4,Yes,Rejected
A0385,49,Male,Married,1,Highschool,Salaried,784570,678,2,1071777,180,Education,72828,Mumbai,1.37,0.24,0,No,Rejected
A0386,34,Male,Married,1,Graduate,Salaried,602681,805,3,659031,48,Home,647937,Lucknow,1.09,0.57,1,No,Rejected
A0387,48,Male,Single,1,Highschool,Salaried,1364395,375,3,299824,60,Education,1008449,Pune,0.22,0.18,0,No,Rejected
A0388,25,Male,Widowed,3,Highschool,Self-employed,681873,530,3,704091,240,Home,1399782,Ahmedabad,1.03,0.32,4,Yes,Rejected
A0389,50,Female,Single,1,Highschool,Salaried,341900,547,0,1349699,48,Vehicle,55152,Indore,3.95,0.99,0,No,Rejected
A0390,25,Female,Married,0,Highschool,Salaried,997653,601,3,122076,180,Home,1268649,Jaipur,0.12,0.19,0,No,Rejected
A0391,32,Female,Widowed,3,Graduate,Self-employed,604427,514,0,341424,48,Personal,358635,Mumbai,0.56,0.14,0,No,Rejected
A0392,36,Male,Single,3,Graduate,Salaried,737857,457,0,306384,240,Business,223393,Ahmedabad,0.42,0.02,4,Yes,Rejected
A0393,46,Male,Single,1,Graduate,Salaried,1476542,368,3,350699,60,Vehicle,86569,Jaipur,0.24,0.17,0,No,Rejected
A0394,46,Male,Single,0,Highschool,Salaried,237860,692,1,973915,48,Medical,1907475,Pune,4.09,1.28,3,Yes,Rejected
A0395,41,Female,Single,3,Highschool,Self-employed,402630,384,1,758323,60,Business,984131,Bhopal,1.88,0.53,5,Yes,Rejected
A0396,59,Male,Single,2,Highschool,Self-employed,868875,566,3,244938,180,Vehicle,681132,Delhi,0.28,0.23,3,Yes,Rejected
A0397,56,Female,Married,3,Highschool,Salaried,795983,368,1,990936,60,Business,1458155,Pune,1.24,0.32,4,Yes,Rejected
A0398,53,Female,Single,1,Postgraduate,Self-employed,453078,646,2,263377,120,Personal,683850,Lucknow,0.58,0.32,1,No,Rejected
A0399,50,Male,Married,0,Highschool,Salaried,966887,722,2,1079907,120,Business,1500796,Kolkata,1.12,0.24,3,Yes,Rejected
A0400,57,Male,Widowed,1,Graduate,Salaried,568893,473,0,313968,60,Home,122537,Bhopal,0.55,0.11,5,Yes,Rejected
A0401,43,Female,Married,2,Highschool,Salaried,1204731,414,1,488388,24,Business,53806,Lucknow,0.41,0.25,2,No,Rejected
A0402,30,Male,Married,2,Highschool,Salaried,1404552,519,2,394957,36,Vehicle,1966340,Mumbai,0.28,0.18,5,Yes,Rejected
A0403,25,Female,Single,2,Graduate,Self-employed,915295,330,3,1078190,24,Medical,1648856,Bhopal,1.18,0.79,3,Yes,Rejected
A0404,56,Male,Married,1,Graduate,Salaried,1192652,822,1,890944,60,Medical,1333040,Lucknow,0.75,0.2,2,No,Approved
A0405,54,Male,Married,3,Highschool,Salaried,1254212,642,2,350703,36,Education,1389691,Bhopal,0.28,0.19,4,Yes,Rejected
A0406,51,Female,Married,1,Highschool,Retired,461578,676,2,1296278,120,Business,1831716,Pune,2.81,0.54,5,Yes,Rejected
A0407,30,Male,Single,0,Graduate,Salaried,483816,429,3,217907,36,Medical,1221793,Ahmedabad,0.45,0.52,1,No,Rejected
A0408,39,Female,Married,3,Highschool,Salaried,1476269,838,0,305591,60,Business,1243336,Delhi,0.21,0.04,2,No,Approved
A0409,52,Male,Married,2,Highschool,Salaried,721393,301,3,493852,120,Medical,1359301,Delhi,0.68,0.32,2,No,Rejected
A0410,21,Female,Single,1,Postgraduate,Self-employed,1249230,400,0,1085461,36,Business,1010065,Lucknow,0.87,0.29,5,Yes,Rejected
A0411,25,Female,Single,2,Graduate,Self-employed,778921,832,2,623869,36,Vehicle,880077,Lucknow,0.8,0.42,3,Yes,Rejected
A0412,24,Male,Married,2,Graduate,Salaried,1265719,357,0,1358209,24,Business,545042,Bhopal,1.07,0.54,2,No,Rejected
A0413,36,Female,Married,0,Graduate,Self-employed,780222,688,2,897783,36,Vehicle,69837,Mumbai,1.15,0.54,4,Yes,Rejected
A0414,44,Male,Married,3,Graduate,Salaried,827751,640,2,727915,180,Vehicle,1711143,Lucknow,0.88,0.2,5,Yes,Rejected
A0415,36,Male,Married,0,Graduate,Self-employed,325851,319,1,1276957,60,Education,945424,Bhopal,3.92,0.97,4,Yes,Rejected
A0416,22,Male,Single,0,Graduate,Salaried,753375,554,0,1086684,12,Medical,218811,Chennai,1.44,1.44,5,Yes,Rejected
A0417,48,Female,Married,0,Graduate,Salaried,866978,616,0,1492398,12,Home,1958754,Delhi,1.72,1.72,4,Yes,Rejected
A0418,52,Female,Married,2,Highschool,Retired,994878,337,0,697597,12,Vehicle,639068,Lucknow,0.7,0.7,3,Yes,Rejected
A0419,47,Male,Single,0,Graduate,Salaried,511011,836,3,767861,60,Medical,611369,Pune,1.5,0.65,5,Yes,Rejected
A0420,40,Male,Single,0,Graduate,Salaried,644244,685,1,999145,12,Personal,1859024,Indore,1.55,1.64,1,No,Rejected
A0421,44,Female,Married,3,Postgraduate,Salaried,358272,325,1,136382,24,Business,1014138,Bhopal,0.38,0.36,3,Yes,Rejected
A0422,32,Male,Single,3,Graduate,Retired,426179,753,1,846714,60,Personal,1371242,Delhi,1.99,0.54,4,Yes,Rejected
A0423,55,Male,Married,0,Graduate,Salaried,1074506,622,3,962219,180,Business,1566023,Lucknow,0.9,0.23,5,Yes,Rejected
A0424,53,Female,Single,3,Highschool,Salaried,1466084,812,0,1171917,120,Education,1955904,Ahmedabad,0.8,0.08,3,Yes,Rejected
A0425,53,Male,Single,3,Graduate,Salaried,550036,312,0,1374856,180,Vehicle,991596,Bhopal,2.5,0.17,4,Yes,Rejected
A0426,57,Female,Single,0,Highschool,Salaried,1468207,859,0,1349516,60,Home,1160675,Mumbai,0.92,0.18,0,No,Rejected
A0427,32,Male,Widowed,2,Graduate,Salaried,582188,670,1,505218,60,Vehicle,1724038,Lucknow,0.87,0.28,0,No,Rejected
A0428,23,Female,Married,0,Highschool,Self-employed,239148,590,1,710108,36,Business,1939437,Bhopal,2.97,1.24,2,No,Rejected
A0429,21,Male,Widowed,3,Graduate,Retired,1400346,631,2,1208525,36,Home,1836932,Lucknow,0.86,0.37,1,No,Rejected
A0430,53,Male,Married,2,Highschool,Salaried,635686,560,3,508916,36,Vehicle,85015,Kolkata,0.8,0.55,0,No,Rejected
A0431,30,Female,Single,1,Graduate,Salaried,685287,504,3,834665,240,Home,629275,Indore,1.22,0.32,4,Yes,Rejected
A0432,49,Male,Married,2,Postgraduate,Salaried,495901,686,1,583075,240,Business,578621,Jaipur,1.18,0.18,3,Yes,Rejected
A0433,33,Female,Married,3,Highschool,Salaried,278012,767,2,1090003,48,Education,1788394,Jaipur,3.92,1.41,5,Yes,Rejected
A0434,32,Male,Married,2,Graduate,Self-employed,1113475,714,0,612472,240,Education,1041680,Kolkata,0.55,0.03,3,Yes,Rejected
A0435,51,Female,Single,0,Graduate,Salaried,1187751,368,1,427370,24,Vehicle,1225747,Bhopal,0.36,0.23,2,No,Rejected
A0436,22,Female,Married,1,Highschool,Salaried,256116,771,3,931599,60,Personal,712706,Mumbai,3.64,1.43,3,Yes,Rejected
A0437,55,Female,Single,1,Graduate,Self-employed,344233,403,3,1357427,180,Business,650660,Lucknow,3.94,0.79,0,No,Rejected
A0438,43,Female,Single,1,Highschool,Salaried,1280728,460,3,1307587,60,Vehicle,1779417,Bhopal,1.02,0.34,3,Yes,Rejected
A0439,37,Male,Married,3,Graduate,Salaried,306379,499,0,554581,36,Vehicle,393522,Ahmedabad,1.81,0.6,0,No,Rejected
A0440,46,Male,Married,3,Graduate,Salaried,1475481,515,3,167381,60,Education,350639,Mumbai,0.11,0.14,0,No,Rejected
A0441,28,Female,Single,1,Graduate,Self-employed,1269412,511,0,933142,120,Home,594055,Ahmedabad,0.74,0.07,1,No,Rejected
A0442,49,Female,Single,2,Graduate,Retired,421439,807,0,378910,240,Business,1152908,Kolkata,0.9,0.04,2,No,Rejected
A0443,46,Female,Married,1,Highschool,Salaried,1435296,315,0,202416,60,Home,1716143,Pune,0.14,0.03,4,Yes,Rejected
A0444,30,Male,Married,2,Highschool,Retired,1405979,797,1,1197034,180,Medical,1874434,Jaipur,0.85,0.1,0,No,Rejected
A0445,46,Male,Married,2,Graduate,Salaried,1390411,631,0,942653,12,Medical,530624,Jaipur,0.68,0.68,5,Yes,Rejected
A0446,54,Male,Widowed,3,Graduate,Salaried,1055876,850,2,451637,120,Business,374344,Lucknow,0.43,0.16,2,No,Approved
A0447,27,Male,Married,2,Postgraduate,Salaried,817397,555,3,1128212,120,Personal,730526,Indore,1.38,0.36,4,Yes,Rejected
A0448,24,Female,Single,1,Postgraduate,Salaried,1398835,471,1,527562,60,Medical,1327976,Kolkata,0.38,0.12,5,Yes,Rejected
A0449,31,Female,Married,3,Postgraduate,Salaried,1391605,797,3,1003282,48,Education,754805,Bhopal,0.72,0.31,3,Yes,Rejected
A0450,49,Female,Married,0,Graduate,Salaried,597595,770,0,277946,36,Personal,180889,Kolkata,0.47,0.16,2,No,Approved
A0451,56,Male,Single,0,Graduate,Salaried,806306,683,1,1043652,24,Vehicle,1548496,Bhopal,1.29,0.72,5,Yes,Rejected
A0452,45,Male,Married,3,Graduate,Salaried,520057,888,2,1180109,24,Medical,295863,Kolkata,2.27,1.37,2,No,Rejected
A0453,41,Male,Single,1,Graduate,Salaried,726925,806,0,994576,12,Education,1877025,Pune,1.37,1.37,2,No,Rejected
A0454,56,Female,Divorced,0,Highschool,Self-employed,665994,826,3,964899,24,Vehicle,45704,Chennai,1.45,0.99,3,Yes,Rejected
A0455,30,Female,Married,0,Postgraduate,Salaried,1028457,624,2,363503,24,Personal,816445,Indore,0.35,0.29,3,Yes,Rejected
A0456,57,Male,Married,2,Postgraduate,Salaried,956547,513,0,219119,36,Business,342135,Bhopal,0.23,0.08,2,No,Rejected
A0457,29,Female,Married,2,Graduate,Salaried,561652,507,2,321140,240,Vehicle,1905266,Indore,0.57,0.24,5,Yes,Rejected
A0458,44,Male,Married,1,Highschool,Salaried,806752,468,0,1431064,36,Home,1389068,Mumbai,1.77,0.59,1,No,Rejected
A0459,55,Male,Married,3,Graduate,Self-employed,736119,629,1,1004931,48,Business,226884,Kolkata,1.37,0.42,0,No,Rejected
A0460,55,Female,Married,1,Postgraduate,Salaried,313768,579,0,431922,180,Business,1216424,Lucknow,1.38,0.09,3,Yes,Rejected
A0461,56,Male,Single,3,Postgraduate,Salaried,971271,604,1,382745,12,Personal,1320780,Delhi,0.39,0.46,1,No,Rejected
A0462,38,Female,Married,0,Highschool,Self-employed,1077311,445,0,1394416,24,Personal,1520384,Mumbai,1.29,0.65,3,Yes,Rejected
A0463,59,Male,Single,2,Highschool,Salaried,1112969,815,0,1441502,48,Education,1047640,Ahmedabad,1.3,0.32,2,No,Rejected
A0464,52,Female,Married,1,Postgraduate,Salaried,1164266,389,3,543035,12,Education,924159,Jaipur,0.47,0.62,1,No,Rejected
A0465,44,Female,Married,1,Graduate,Salaried,829112,752,2,1101920,120,Home,743470,Delhi,1.33,0.28,5,Yes,Rejected
A0466,43,Female,Married,3,Graduate,Retired,1216462,359,2,459267,24,Business,312067,Pune,0.38,0.29,5,Yes,Rejected
A0467,52,Male,Single,3,Postgraduate,Salaried,1337317,610,2,1010657,24,Home,78563,Kolkata,0.76,0.47,4,Yes,Rejected
A0468,57,Male,Single,1,Highschool,Salaried,1267406,827,0,763440,36,Home,1707966,Chennai,0.6,0.2,0,No,Approved
A0469,32,Female,Married,3,Graduate,Salaried,1060380,526,0,1106247,60,Personal,1138355,Pune,1.04,0.21,0,No,Rejected
A0470,33,Female,Single,1,Highschool,Salaried,269202,773,0,789317,12,Home,1737225,Bhopal,2.93,2.93,3,Yes,Rejected
A0471,43,Male,Single,1,Graduate,Salaried,499189,840,1,458332,24,Home,937243,Delhi,0.92,0.58,0,No,Rejected
A0472,45,Male,Single,1,Postgraduate,Salaried,417394,378,1,851240,240,Vehicle,99704,Jaipur,2.04,0.25,4,Yes,Rejected
A0473,55,Male,Widowed,0,Graduate,Salaried,1450699,732,3,221292,12,Education,1310333,Lucknow,0.15,0.28,5,Yes,Rejected
A0474,50,Female,Married,3,Postgraduate,Retired,357699,452,0,190570,180,Education,1964165,Chennai,0.53,0.04,1,No,Rejected
A0475,37,Male,Single,2,Graduate,Self-employed,477342,700,2,584540,240,Business,110234,Indore,1.22,0.31,1,No,Rejected
A0476,40,Male,Single,2,Graduate,Salaried,1055953,578,2,1095791,48,Education,1372407,Kolkata,1.04,0.37,5,Yes,Rejected
A0477,45,Female,Single,3,Highschool,Self-employed,704655,356,3,223791,240,Medical,36491,Bhopal,0.32,0.27,2,No,Rejected
A0478,42,Male,Married,1,Graduate,Salaried,436824,485,2,1064986,48,Business,750909,Kolkata,2.44,0.88,5,Yes,Rejected
A0479,33,Male,Married,2,Graduate,Salaried,1267979,697,3,615689,60,Vehicle,1907123,Pune,0.49,0.24,1,No,Rejected
A0480,39,Male,Single,2,Highschool,Salaried,1252257,457,0,984807,24,Education,904367,Delhi,0.79,0.39,3,Yes,Rejected
A0481,56,Female,Single,3,Graduate,Self-employed,553699,658,2,856349,240,Vehicle,1394498,Pune,1.55,0.29,4,Yes,Rejected
A0482,32,Female,Single,2,Graduate,Self-employed,1248072,739,0,830281,180,Education,922285,Delhi,0.67,0.04,5,Yes,Rejected
A0483,39,Female,Married,1,Graduate,Salaried,829674,888,1,462470,36,Education,1069024,Lucknow,0.56,0.26,2,No,Approved
A0484,32,Female,Married,3,Graduate,Retired,598845,765,2,246903,24,Vehicle,504393,Jaipur,0.41,0.41,3,Yes,Rejected
A0485,29,Female,Single,1,Graduate,Salaried,293246,745,1,145708,12,Home,1362270,Indore,0.5,0.7,5,Yes,Rejected
A0486,27,Female,Single,2,Highschool,Self-employed,1344440,787,2,1315442,120,Home,1622158,Lucknow,0.98,0.19,3,Yes,Rejected
A0487,48,Female,Single,2,Highschool,Retired,408886,829,0,1470092,48,Home,283590,Mumbai,3.6,0.9,5,Yes,Rejected
A0488,34,Male,Widowed,1,Graduate,Salaried,470561,372,3,583157,12,Medical,338723,Jaipur,1.24,1.62,3,Yes,Rejected
A0489,51,Male,Single,0,Graduate,Self-employed,1414413,316,0,1318385,60,Home,740749,Lucknow,0.93,0.19,0,No,Rejected
A0490,39,Female,Married,2,Highschool,Salaried,1060931,830,0,233692,48,Education,901111,Chennai,0.22,0.06,3,Yes,Rejected
A0491,36,Male,Married,0,Postgraduate,Salaried,1493736,625,0,594166,36,Personal,1134191,Kolkata,0.4,0.13,0,No,Rejected
A0492,25,Male,Single,2,Graduate,Salaried,387646,845,2,858529,48,Vehicle,17101,Pune,2.21,0.86,1,No,Rejected
A0493,55,Female,Single,0,Graduate,Salaried,1220332,895,3,1314705,120,Personal,983682,Jaipur,1.08,0.26,0,No,Rejected
A0494,32,Male,Single,0,Highschool,Retired,983566,501,1,1057642,240,Medical,290160,Chennai,1.08,0.11,3,Yes,Rejected
A0495,45,Male,Married,0,Graduate,Self-employed,1014107,643,0,834750,180,Personal,1722868,Pune,0.82,0.05,4,Yes,Rejected
A0496,41,Male,Married,1,Graduate,Salaried,735620,822,2,153024,240,Business,1486445,Mumbai,0.21,0.17,4,Yes,Rejected
A0497,56,Male,Married,0,Graduate,Self-employed,979105,699,1,1323759,24,Home,614769,Ahmedabad,1.35,0.74,1,No,Rejected
A0498,43,Male,Married,0,Graduate,Retired,1005609,517,0,1303722,120,Medical,577090,Jaipur,1.3,0.13,3,Yes,Rejected
A0499,36,Female,Single,0,Postgraduate,Salaried,1116992,744,1,642112,180,Education,1842557,Chennai,0.57,0.09,0,No,Approved
A0500,59,Female,Widowed,2,Graduate,Retired,420326,521,0,618534,120,Home,210005,Pune,1.47,0.15,4,Yes,Rejected
A0501,59,Female,Married,0,Highschool,Salaried,923807,682,1,148926,24,Home,1729298,Pune,0.16,0.15,5,Yes,Rejected
A0502,34,Male,Single,2,Graduate,Self-employed,519248,891,1,1316508,48,Personal,1620706,Lucknow,2.54,0.75,2,No,Rejected
A0503,51,Female,Widowed,0,Graduate,Salaried,546479,306,3,375119,60,Business,46539,Delhi,0.69,0.47,3,Yes,Rejected
A0504,25,Male,Married,0,Graduate,Salaried,1329306,571,3,961309,24,Home,1606581,Lucknow,0.72,0.5,5,Yes,Rejected
A0505,55,Male,Married,1,Highschool,Salaried,1486050,315,0,781908,24,Vehicle,972100,Chennai,0.53,0.26,5,Yes,Rejected
A0506,43,Male,Married,2,Highschool,Salaried,490477,723,2,463114,180,Vehicle,770569,Bhopal,0.94,0.31,3,Yes,Rejected
A0507,49,Male,Married,0,Postgraduate,Salaried,483817,823,3,583791,36,Home,416232,Kolkata,1.21,0.77,2,No,Rejected
A0508,31,Female,Married,2,Graduate,Salaried,1100853,320,1,794096,240,Personal,1234848,Jaipur,0.72,0.09,4,Yes,Rejected
A0509,38,Female,Single,2,Postgraduate,Salaried,453017,527,3,161562,48,Personal,1522060,Lucknow,0.36,0.49,2,No,Rejected
A0510,32,Male,Single,3,Graduate,Retired,851824,587,3,1451129,24,Education,1502079,Pune,1.7,1.06,1,No,Rejected
A0511,29,Female,Divorced,1,Graduate,Salaried,533245,433,0,896266,60,Medical,115042,Pune,1.68,0.34,0,No,Rejected
A0512,30,Male,Single,1,Graduate,Salaried,1009253,582,3,625128,12,Medical,127922,Ahmedabad,0.62,0.8,0,No,Rejected
A0513,37,Female,Single,1,Postgraduate,Salaried,1274070,703,3,834769,48,Medical,92447,Jaipur,0.66,0.31,5,Yes,Rejected
A0514,58,Female,Married,3,Graduate,Salaried,574842,365,1,131568,36,Business,1394122,Ahmedabad,0.23,0.18,4,Yes,Rejected
A0515,27,Male,Married,3,Graduate,Self-employed,573704,736,3,897278,120,Personal,1353327,Kolkata,1.56,0.47,2,No,Rejected
A0516,33,Female,Married,1,Highschool,Self-employed,1242630,558,1,761259,24,Education,1207269,Mumbai,0.61,0.35,5,Yes,Rejected
A0517,29,Male,Divorced,3,Graduate,Salaried,480790,402,3,710326,60,Vehicle,1061399,Lucknow,1.48,0.67,3,Yes,Rejected
A0518,47,Female,Single,3,Graduate,Salaried,323777,866,3,1345749,48,Medical,1078562,Indore,4.16,1.6,5,Yes,Rejected
A0519,22,Male,Single,3,Highschool,Self-employed,1055783,400,2,1056277,60,Vehicle,645970,Chennai,1.0,0.31,3,Yes,Rejected
A0520,25,Male,Single,1,Highschool,Salaried,1101366,497,3,229789,60,Vehicle,1637189,Chennai,0.21,0.21,3,Yes,Rejected
A0521,49,Female,Married,1,Graduate,Self-employed,333501,525,1,601994,240,Home,1558695,Mumbai,1.81,0.27,1,No,Rejected
A0522,57,Female,Married,1,Highschool,Salaried,784942,762,1,174723,180,Business,1438645,Jaipur,0.22,0.09,1,No,Approved
A0523,58,Male,Single,3,Highschool,Self-employed,569566,536,0,863043,120,Education,250476,Lucknow,1.52,0.15,3,Yes,Rejected
A0524,39,Female,Married,1,Graduate,Salaried,319975,325,0,466338,36,Business,1106347,Kolkata,1.46,0.49,4,Yes,Rejected
A0525,28,Female,Married,3,Postgraduate,Salaried,923503,420,2,1021815,240,Home,1103549,Delhi,1.11,0.19,1,No,Rejected
A0526,21,Male,Married,0,Graduate,Retired,1326103,805,1,807494,48,Education,1718626,Ahmedabad,0.61,0.2,1,No,Approved
A0527,42,Male,Divorced,3,Highschool,Salaried,548848,481,1,892515,24,Education,1874115,Mumbai,1.63,0.92,0,No,Rejected
A0528,37,Female,Single,2,Highschool,Salaried,366991,842,1,1493196,36,Personal,1630752,Delhi,4.07,1.52,5,Yes,Rejected
A0529,27,Male,Married,1,Graduate,Salaried,296952,614,2,1135211,24,Business,1583820,Ahmedabad,3.82,2.32,0,No,Rejected
A0530,45,Male,Married,1,Graduate,Salaried,533260,572,1,192416,12,Business,1135415,Mumbai,0.36,0.47,4,Yes,Rejected
A0531,24,Male,Married,2,Postgraduate,Salaried,665806,531,0,747122,60,Personal,167605,Chennai,1.12,0.22,1,No,Rejected
A0532,56,Female,Married,3,Graduate,Salaried,1076058,719,2,895818,12,Vehicle,1012714,Chennai,0.83,0.94,1,No,Rejected
A0533,26,Female,Married,0,Graduate,Salaried,246015,741,0,415315,180,Home,516754,Pune,1.69,0.11,2,No,Rejected
A0534,51,Male,Married,2,Highschool,Salaried,302877,795,0,250594,60,Business,1149707,Ahmedabad,0.83,0.17,4,Yes,Rejected
A0535,39,Female,Single,2,Graduate,Self-employed,593922,323,2,820892,120,Personal,1378314,Indore,1.38,0.34,5,Yes,Rejected
A0536,59,Male,Married,3,Highschool,Salaried,871088,408,3,584976,36,Education,712261,Kolkata,0.67,0.43,5,Yes,Rejected
A0537,47,Female,Widowed,1,Postgraduate,Salaried,1124501,801,3,1182121,24,Medical,535807,Bhopal,1.05,0.69,5,Yes,Rejected
A0538,30,Male,Divorced,3,Graduate,Self-employed,915768,324,0,285151,240,Personal,686475,Jaipur,0.31,0.02,4,Yes,Rejected
A0539,46,Male,Single,2,Graduate,Salaried,1175601,486,3,135790,180,Medical,983770,Jaipur,0.12,0.16,2,No,Rejected
A0540,39,Female,Single,2,Highschool,Salaried,591670,587,1,675300,120,Vehicle,1832,Ahmedabad,1.14,0.22,2,No,Rejected
A0541,59,Male,Single,1,Highschool,Salaried,631739,637,2,217827,24,Home,958872,Mumbai,0.34,0.36,0,No,Rejected
A0542,23,Female,Married,1,Graduate,Salaried,811796,336,0,1129625,36,Medical,1530217,Mumbai,1.39,0.46,4,Yes,Rejected
A0543,33,Female,Married,1,Highschool,Salaried,939127,436,1,1408699,48,Vehicle,1686786,Bhopal,1.5,0.44,4,Yes,Rejected
A0544,48,Male,Single,3,Graduate,Salaried,240633,807,3,1162836,180,Medical,105474,Kolkata,4.83,1.07,2,No,Rejected
A0545,40,Male,Married,1,Highschool,Salaried,1457302,526,1,296211,12,Education,594003,Lucknow,0.2,0.24,3,Yes,Rejected
A0546,48,Female,Married,2,Graduate,Salaried,1251893,619,3,535892,12,Education,858267,Kolkata,0.43,0.57,3,Yes,Rejected
A0547,28,Male,Married,2,Postgraduate,Salaried,507124,481,0,240547,240,Education,1646230,Lucknow,0.47,0.02,0,No,Rejected
A0548,59,Male,Married,0,Graduate,Salaried,1030547,385,1,1358062,24,Education,37570,Bhopal,1.32,0.72,3,Yes,Rejected
A0549,21,Male,Married,3,Graduate,Salaried,911323,766,2,246192,24,Personal,481193,Lucknow,0.27,0.27,3,Yes,Rejected
A0550,23,Male,Married,0,Highschool,Self-employed,923953,352,0,364130,24,Education,661975,Indore,0.39,0.2,3,Yes,Rejected
A0551,33,Male,Single,2,Highschool,Salaried,619876,534,1,787790,180,Education,1086887,Pune,1.27,0.18,1,No,Rejected
A0552,48,Female,Married,0,Graduate,Salaried,1126109,732,1,862857,36,Personal,1400965,Kolkata,0.77,0.31,0,No,Approved
A0553,45,Female,Married,2,Graduate,Salaried,1460945,795,3,1204055,48,Education,627475,Lucknow,0.82,0.33,2,No,Rejected
A0554,53,Male,Married,0,Graduate,Salaried,908669,399,0,492977,12,Vehicle,1858442,Chennai,0.54,0.54,3,Yes,Rejected
A0555,58,Male,Married,1,Highschool,Salaried,227043,898,0,1412896,120,Vehicle,1135455,Indore,6.22,0.62,5,Yes,Rejected
A0556,26,Male,Married,0,Highschool,Salaried,233635,702,0,708546,60,Business,540027,Kolkata,3.03,0.61,1,No,Rejected
A0557,52,Female,Single,1,Highschool,Self-employed,410387,695,0,1387999,180,Vehicle,66202,Lucknow,3.38,0.23,3,Yes,Rejected
A0558,41,Male,Married,1,Postgraduate,Salaried,1329267,826,3,477332,180,Home,98580,Chennai,0.36,0.16,1,No,Approved
A0559,36,Female,Single,3,Highschool,Retired,699730,714,2,184153,36,Home,1797355,Bhopal,0.26,0.26,0,No,Approved
A0560,41,Female,Single,1,Graduate,Salaried,1206891,762,0,883930,12,Home,1128175,Bhopal,0.73,0.73,5,Yes,Rejected
A0561,31,Female,Married,1,Highschool,Salaried,1342520,840,3,520331,240,Personal,689009,Ahmedabad,0.39,0.15,5,Yes,Rejected
A0562,57,Male,Widowed,0,Graduate,Salaried,927467,663,2,858272,48,Vehicle,755724,Jaipur,0.93,0.36,5,Yes,Rejected
A0563,56,Female,Single,2,Graduate,Salaried,655796,429,2,1226018,36,Home,964949,Delhi,1.87,0.81,3,Yes,Rejected
A0564,55,Male,Married,3,Postgraduate,Salaried,1101699,383,3,1205700,120,Business,1689634,Chennai,1.09,0.27,1,No,Rejected
A0565,39,Female,Married,1,Postgraduate,Salaried,1197057,570,0,411896,12,Personal,1350190,Ahmedabad,0.34,0.34,5,Yes,Rejected
A0566,40,Male,Single,3,Graduate,Salaried,1287812,543,2,1408064,36,Business,1385685,Indore,1.09,0.46,4,Yes,Rejected
A0567,38,Female,Married,0,Postgraduate,Retired,1005855,687,0,178947,12,Vehicle,1436052,Lucknow,0.18,0.18,4,Yes,Rejected
A0568,34,Male,Married,1,Postgraduate,Self-employed,754280,513,0,961148,12,Education,703981,Kolkata,1.27,1.27,1,No,Rejected
A0569,35,Female,Married,0,Postgraduate,Salaried,1211942,465,1,541209,240,Business,1440401,Mumbai,0.45,0.07,3,Yes,Rejected
A0570,51,Male,Single,3,Postgraduate,Salaried,315140,358,0,196496,180,Education,950430,Chennai,0.62,0.04,3,Yes,Rejected
A0571,21,Male,Single,0,Highschool,Salaried,375993,803,1,925329,48,Personal,1833915,Delhi,2.46,0.77,0,No,Rejected
A0572,23,Male,Married,3,Graduate,Salaried,1053349,422,2,1068410,180,Business,1687164,Mumbai,1.01,0.18,0,No,Rejected
A0573,36,Male,Married,0,Highschool,Salaried,410047,712,3,413760,60,Business,300141,Pune,1.01,0.64,5,Yes,Rejected
A0574,43,Female,Single,3,Highschool,Salaried,486100,438,1,1410613,48,Medical,191012,Delhi,2.9,0.85,2,No,Rejected
A0575,31,Female,Married,2,Postgraduate,Salaried,263879,528,3,601935,12,Personal,696084,Ahmedabad,2.28,2.96,0,No,Rejected
A0576,32,Male,Single,0,Graduate,Salaried,782848,573,2,470134,36,Personal,884237,Delhi,0.6,0.35,3,Yes,Rejected
A0577,30,Female,Married,0,Graduate,Retired,1238939,738,0,1370612,120,Home,162776,Lucknow,1.11,0.11,2,No,Rejected
A0578,52,Male,Single,2,Postgraduate,Self-employed,572454,861,2,794934,240,Vehicle,384346,Kolkata,1.39,0.28,0,No,Rejected
A0579,36,Male,Widowed,2,Postgraduate,Retired,924045,417,3,1140835,48,Business,1470183,Indore,1.23,0.5,1,No,Rejected
A0580,28,Female,Single,0,Postgraduate,Salaried,1142164,782,2,435076,60,Business,1007227,Mumbai,0.38,0.18,4,Yes,Rejected
A0581,58,Male,Single,2,Highschool,Salaried,1245533,694,0,369482,12,Personal,766230,Delhi,0.3,0.3,0,No,Rejected
A0582,32,Male,Single,1,Highschool,Salaried,1485844,759,2,1322366,120,Personal,2526,Lucknow,0.89,0.17,0,No,Rejected
A0583,44,Female,Single,3,Graduate,Salaried,679280,377,0,1292148,48,Vehicle,942190,Bhopal,1.9,0.48,1,No,Rejected
A0584,48,Male,Married,3,Highschool,Salaried,987600,711,1,242617,180,Personal,1908347,Delhi,0.25,0.08,3,Yes,Rejected
A0585,28,Male,Widowed,3,Highschool,Self-employed,507268,374,3,685768,180,Education,1317294,Delhi,1.35,0.44,5,Yes,Rejected
A0586,48,Male,Single,1,Graduate,Salaried,870392,594,0,760601,48,Education,270877,Jaipur,0.87,0.22,1,No,Rejected
A0587,56,Male,Married,2,Graduate,Salaried,1399399,320,0,1368962,48,Medical,312434,Mumbai,0.98,0.24,5,Yes,Rejected
A0588,46,Female,Married,2,Graduate,Salaried,754661,470,2,1040325,48,Education,334937,Jaipur,1.38,0.5,0,No,Rejected
A0589,28,Female,Married,0,Graduate,Salaried,322026,314,1,104695,120,Education,36051,Jaipur,0.33,0.22,3,Yes,Rejected
A0590,48,Female,Married,2,Graduate,Salaried,1278846,510,0,832426,180,Vehicle,15909,Kolkata,0.65,0.04,2,No,Rejected
A0591,48,Male,Single,0,Highschool,Salaried,1127890,859,1,1130120,36,Business,482898,Lucknow,1.0,0.39,0,No,Rejected
A0592,57,Male,Married,1,Highschool,Salaried,1481507,385,1,1134780,60,Education,1125914,Jaipur,0.77,0.19,1,No,Rejected
A0593,56,Female,Married,3,Graduate,Salaried,1313760,448,2,937366,60,Medical,1908440,Delhi,0.71,0.23,2,No,Rejected
A0594,47,Male,Single,3,Graduate,Retired,707532,671,0,1240467,240,Personal,1569127,Ahmedabad,1.75,0.09,4,Yes,Rejected
A0595,37,Male,Married,3,Graduate,Salaried,935053,779,2,570076,12,Education,1338853,Ahmedabad,0.61,0.74,2,No,Rejected
A0596,29,Male,Single,2,Highschool,Self-employed,762167,450,3,849045,24,Medical,1755507,Bhopal,1.11,0.79,1,No,Rejected
A0597,53,Male,Married,0,Postgraduate,Salaried,1222560,440,3,1217330,36,Vehicle,603350,Ahmedabad,1.0,0.48,2,No,Rejected
A0598,40,Female,Single,0,Graduate,Salaried,511741,368,0,972109,180,Personal,1230556,Bhopal,1.9,0.13,1,No,Rejected
A0599,33,Female,Married,1,Graduate,Salaried,1156636,559,1,487405,12,Medical,404494,Ahmedabad,0.42,0.47,0,No,Rejected
A0600,48,Female,Married,2,Graduate,Salaried,203626,820,0,613904,240,Education,373690,Pune,3.01,0.15,3,Yes,Rejected
A0601,49,Male,Married,1,Postgraduate,Salaried,408137,670,0,1132120,12,Business,1624322,Bhopal,2.77,2.77,4,Yes,Rejected
A0602,33,Female,Single,0,Graduate,Self-employed,1134149,718,3,467482,48,Personal,981769,Chennai,0.41,0.26,3,Yes,Rejected
A0603,55,Female,Married,0,Graduate,Self-employed,947320,400,3,664365,24,Personal,1890423,Mumbai,0.7,0.54,3,Yes,Rejected
A0604,26,Male,Married,3,Postgraduate,Salaried,344454,542,1,442059,180,Business,746447,Mumbai,1.28,0.26,3,Yes,Rejected
A0605,38,Male,Married,2,Graduate,Salaried,636442,811,1,1390080,24,Personal,840592,Mumbai,2.18,1.19,1,No,Rejected
A0606,25,Female,Married,0,Graduate,Retired,454043,854,0,1103852,36,Education,1365119,Lucknow,2.43,0.81,1,No,Rejected
A0607,45,Female,Married,3,Graduate,Salaried,843198,394,2,1440389,24,Personal,811730,Kolkata,1.71,1.0,4,Yes,Rejected
A0608,22,Female,Married,2,Graduate,Salaried,662927,525,0,935056,12,Education,231946,Indore,1.41,1.41,1,No,Rejected
A0609,30,Female,Single,1,Highschool,Salaried,820343,817,1,781376,24,Business,677551,Kolkata,0.95,0.55,5,Yes,Rejected
A0610,50,Male,Married,2,Graduate,Self-employed,930070,513,2,242108,24,Home,1498756,Bhopal,0.26,0.26,1,No,Rejected
A0611,25,Female,Married,2,Postgraduate,Retired,1120947,366,3,1056740,60,Business,1212740,Kolkata,0.94,0.35,1,No,Rejected
A0612,53,Female,Single,0,Postgraduate,Salaried,1007827,695,1,1293669,180,Education,89407,Ahmedabad,1.28,0.15,1,No,Rejected
A0613,21,Male,Single,0,Graduate,Self-employed,310084,311,1,923375,180,Vehicle,1254905,Bhopal,2.98,0.39,0,No,Rejected
A0614,38,Female,Single,2,Graduate,Self-employed,1214391,536,2,213694,12,Business,497165,Kolkata,0.18,0.27,4,Yes,Rejected
A0615,52,Male,Married,0,Highschool,Salaried,545876,698,1,334456,120,Vehicle,1635377,Kolkata,0.61,0.17,5,Yes,Rejected
A0616,31,Male,Married,0,Postgraduate,Salaried,1229649,706,1,312079,24,Vehicle,837529,Jaipur,0.25,0.18,1,No,Approved
A0617,41,Male,Married,0,Postgraduate,Salaried,673006,779,1,1392845,24,Education,947783,Pune,2.07,1.12,4,Yes,Rejected
A0618,46,Female,Married,3,Graduate,Retired,1057692,521,1,543232,48,Education,1718340,Lucknow,0.51,0.19,2,No,Rejected
A0619,45,Female,Married,3,Postgraduate,Salaried,987839,455,1,516460,180,Home,463238,Bhopal,0.52,0.1,0,No,Rejected
A0620,42,Male,Single,2,Graduate,Self-employed,273568,727,1,223351,24,Medical,559486,Indore,0.82,0.63,1,No,Rejected
A0621,47,Female,Single,0,Graduate,Salaried,1307136,457,1,401129,180,Personal,1273871,Mumbai,0.31,0.07,5,Yes,Rejected
A0622,33,Female,Married,3,Highschool,Self-employed,1164844,715,1,1121480,24,Business,1035702,Delhi,0.96,0.53,0,No,Rejected
A0623,53,Male,Single,2,Graduate,Salaried,1397442,625,3,940268,60,Education,1885005,Chennai,0.67,0.26,5,Yes,Rejected
A0624,54,Male,Single,0,Graduate,Salaried,1399529,670,1,929297,12,Business,996196,Kolkata,0.66,0.71,0,No,Rejected
A0625,55,Female,Married,1,Graduate,Self-employed,961058,643,3,153811,180,Medical,1966647,Mumbai,0.16,0.2,2,No,Rejected
A0626,21,Male,Married,0,Graduate,Self-employed,426024,561,3,366145,36,Medical,978536,Ahmedabad,0.86,0.71,4,Yes,Rejected
A0627,41,Female,Widowed,0,Postgraduate,Self-employed,1429351,582,0,152635,12,Vehicle,1837187,Chennai,0.11,0.11,0,No,Rejected
A0628,26,Female,Divorced,3,Highschool,Salaried,1161858,528,0,120946,48,Personal,1050595,Pune,0.1,0.03,3,Yes,Rejected
A0629,48,Female,Married,2,Graduate,Self-employed,291288,579,3,1083638,12,Home,605743,Mumbai,3.72,4.34,2,No,Rejected
A0630,37,Female,Married,2,Graduate,Salaried,671678,589,3,720140,24,Business,740599,Jaipur,1.07,0.8,3,Yes,Rejected
A0631,25,Male,Married,3,Graduate,Salaried,1085733,346,1,585260,48,Personal,149776,Mumbai,0.54,0.19,2,No,Rejected
A0632,51,Male,Married,0,Graduate,Salaried,214390,513,0,1266305,12,Home,1197678,Pune,5.91,5.91,3,Yes,Rejected
A0633,25,Male,Single,1,Highschool,Salaried,697619,323,2,794519,240,Business,389027,Mumbai,1.14,0.23,3,Yes,Rejected
A0634,58,Male,Married,0,Highschool,Salaried,418547,620,0,1434391,48,Personal,855877,Kolkata,3.43,0.86,5,Yes,Rejected
A0635,23,Female,Married,0,Graduate,Retired,751595,573,3,771810,240,Education,859983,Mumbai,1.03,0.29,0,No,Rejected
A0636,43,Female,Single,1,Graduate,Salaried,427436,855,3,1061862,36,Business,3420,Jaipur,2.48,1.25,0,No,Rejected
A0637,57,Male,Married,3,Highschool,Self-employed,425121,612,1,1468533,12,Personal,846307,Lucknow,3.45,3.6,2,No,Rejected
A0638,57,Female,Married,2,Graduate,Salaried,451063,662,1,196748,180,Medical,178725,Pune,0.44,0.16,4,Yes,Rejected
A0639,30,Female,Single,3,Graduate,Salaried,1273078,679,0,729021,180,Home,541028,Jaipur,0.57,0.04,5,Yes,Rejected
A0640,30,Female,Single,3,Graduate,Salaried,428300,769,1,1058395,120,Personal,1375983,Bhopal,2.47,0.39,0,No,Rejected
A0641,39,Male,Single,0,Postgraduate,Retired,303920,415,2,1275441,24,Education,1678653,Mumbai,4.2,2.49,0,No,Rejected
A0642,37,Male,Single,2,Highschool,Self-employed,1218056,341,2,1494271,240,Business,1013368,Indore,1.23,0.16,5,Yes,Rejected
A0643,41,Male,Single,2,Highschool,Retired,1128252,678,1,1015767,48,Business,982063,Mumbai,0.9,0.28,1,No,Rejected
A0644,34,Female,Married,3,Graduate,Retired,787073,505,2,401364,120,Business,543753,Pune,0.51,0.2,5,Yes,Rejected
A0645,29,Male,Single,1,Graduate,Salaried,800338,765,2,1427878,120,Education,444648,Chennai,1.78,0.33,0,No,Rejected
A0646,21,Male,Married,3,Graduate,Salaried,747026,579,0,967424,60,Home,1576995,Jaipur,1.3,0.26,4,Yes,Rejected
A0647,33,Male,Single,1,Postgraduate,Self-employed,274231,417,2,1045092,240,Business,534940,Indore,3.81,0.63,1,No,Rejected
A0648,24,Male,Divorced,2,Postgraduate,Salaried,273606,536,3,255260,48,Home,458189,Bhopal,0.93,0.89,3,Yes,Rejected
A0649,21,Male,Single,3,Postgraduate,Salaried,1475945,608,3,1372263,120,Personal,1790979,Ahmedabad,0.93,0.21,5,Yes,Rejected
A0650,52,Male,Married,0,Graduate,Salaried,693896,755,0,420974,60,Medical,309815,Bhopal,0.61,0.12,3,Yes,Rejected
A0651,54,Female,Married,3,Graduate,Salaried,356688,774,1,112419,120,Medical,1293865,Jaipur,0.32,0.2,1,No,Approved
A0652,48,Female,Married,2,Graduate,Salaried,695898,399,0,1495652,24,Home,89342,Chennai,2.15,1.07,1,No,Rejected
A0653,51,Male,Single,0,Highschool,Salaried,1216382,560,1,481856,36,Home,1329891,Jaipur,0.4,0.18,1,No,Rejected
A0654,28,Male,Married,0,Graduate,Salaried,362403,604,1,863361,240,Medical,1265777,Delhi,2.38,0.28,2,No,Rejected
A0655,59,Female,Married,1,Highschool,Salaried,901458,653,1,710937,60,Business,1308396,Indore,0.79,0.22,5,Yes,Rejected
A0656,46,Female,Married,0,Postgraduate,Salaried,1274704,585,1,484793,36,Vehicle,1235340,Chennai,0.38,0.17,4,Yes,Rejected
A0657,54,Male,Single,0,Graduate,Salaried,1280132,627,1,1421856,48,Vehicle,58541,Indore,1.11,0.32,4,Yes,Rejected
A0658,23,Male,Single,3,Graduate,Self-employed,1388597,402,0,948934,24,Education,9470,Jaipur,0.68,0.34,3,Yes,Rejected
A0659,32,Male,Married,2,Graduate,Salaried,776250,362,1,1310933,60,Medical,1032657,Lucknow,1.69,0.42,3,Yes,Rejected
A0660,21,Male,Married,1,Highschool,Salaried,717200,581,2,1148025,48,Medical,1765280,Indore,1.6,0.57,3,Yes,Rejected
A0661,25,Female,Married,3,Highschool,Self-employed,1450854,740,2,1271744,120,Education,568596,Delhi,0.88,0.17,5,Yes,Rejected
A0662,50,Male,Married,0,Graduate,Salaried,1484519,592,1,159155,180,Vehicle,1987406,Kolkata,0.11,0.05,0,No,Rejected
A0663,50,Male,Married,0,Highschool,Salaried,1130220,306,2,1165487,12,Personal,135669,Chennai,1.03,1.14,3,Yes,Rejected
A0664,37,Male,Single,1,Graduate,Self-employed,383683,391,3,945484,48,Business,1675704,Delhi,2.46,1.09,1,No,Rejected
A0665,43,Male,Married,2,Postgraduate,Salaried,1444868,489,0,562326,36,Business,161860,Delhi,0.39,0.13,3,Yes,Rejected
A0666,35,Female,Single,1,Postgraduate,Self-employed,732125,775,0,856983,24,Personal,982524,Ahmedabad,1.17,0.59,1,No,Rejected
A0667,57,Female,Married,3,Graduate,Self-employed,1429003,810,1,379934,24,Personal,1098053,Lucknow,0.27,0.17,2,No,Approved
A0668,41,Female,Married,1,Highschool,Salaried,1426947,761,1,576377,48,Vehicle,632549,Mumbai,0.4,0.14,0,No,Approved
A0669,34,Male,Widowed,0,Postgraduate,Salaried,1136663,352,3,498422,120,Education,626754,Lucknow,0.44,0.2,0,No,Rejected
A0670,22,Male,Single,3,Postgraduate,Salaried,1103112,785,1,221937,12,Personal,295215,Pune,0.2,0.26,5,Yes,Rejected
A0671,31,Female,Single,0,Highschool,Salaried,972291,789,2,1233629,240,Education,463819,Ahmedabad,1.27,0.19,5,Yes,Rejected
A0672,59,Male,Single,2,Graduate,Salaried,1233879,663,3,1460670,36,Home,1503715,Jaipur,1.18,0.54,4,Yes,Rejected
A0673,58,Male,Single,0,Highschool,Salaried,826701,411,2,478355,48,Business,70560,Jaipur,0.58,0.29,2,No,Rejected
A0674,54,Female,Single,0,Postgraduate,Salaried,251012,708,0,1448416,48,Vehicle,779680,Bhopal,5.77,1.44,5,Yes,Rejected
A0675,58,Female,Divorced,1,Postgraduate,Salaried,330193,306,2,1118696,180,Business,1834142,Mumbai,3.39,0.59,1,No,Rejected
A0676,54,Female,Single,0,Highschool,Salaried,1176809,496,0,1085730,24,Vehicle,1499284,Pune,0.92,0.46,2,No,Rejected
A0677,38,Female,Single,3,Postgraduate,Salaried,418168,666,2,1139474,36,Home,1473562,Indore,2.72,1.2,0,No,Rejected
A0678,50,Male,Married,3,Graduate,Salaried,348178,549,0,417545,12,Business,1387482,Lucknow,1.2,1.2,1,No,Rejected
A0679,35,Male,Married,2,Postgraduate,Self-employed,258123,894,1,1345874,24,Home,1215047,Chennai,5.21,2.84,2,No,Rejected
A0680,47,Female,Married,3,Graduate,Salaried,311825,539,2,649391,48,Vehicle,514295,Delhi,2.08,0.91,0,No,Rejected
A0681,54,Male,Single,1,Postgraduate,Salaried,1417309,679,0,527479,24,Personal,1292989,Indore,0.37,0.19,5,Yes,Rejected
A0682,58,Female,Married,2,Highschool,Retired,970391,770,2,1460764,24,Business,1237087,Bhopal,1.51,0.88,1,No,Rejected
A0683,53,Female,Single,3,Graduate,Salaried,1473546,754,3,1174401,60,Home,1978649,Lucknow,0.8,0.28,1,No,Rejected
A0684,44,Male,Single,1,Highschool,Salaried,424866,665,1,597393,24,Medical,1575233,Chennai,1.41,0.84,0,No,Rejected
A0685,35,Female,Divorced,3,Postgraduate,Salaried,1224208,589,0,1185847,120,Business,1420683,Bhopal,0.97,0.1,1,No,Rejected
A0686,50,Male,Single,3,Postgraduate,Salaried,1138624,702,3,1225832,24,Business,1277205,Delhi,1.08,0.7,5,Yes,Rejected
A0687,37,Male,Married,0,Postgraduate,Salaried,1399438,357,2,1215009,240,Business,786960,Ahmedabad,0.87,0.13,5,Yes,Rejected
A0688,25,Male,Married,3,Postgraduate,Salaried,782943,820,3,837990,120,Education,1157382,Mumbai,1.07,0.34,5,Yes,Rejected
A0689,49,Male,Single,3,Highschool,Salaried,915003,603,2,1250575,36,Home,1209962,Ahmedabad,1.37,0.59,0,No,Rejected
A0690,24,Female,Married,1,Graduate,Self-employed,378446,414,1,856350,24,Home,627267,Chennai,2.26,1.29,3,Yes,Rejected
A0691,30,Male,Single,1,Highschool,Salaried,898267,509,3,662834,12,Business,935551,Ahmedabad,0.74,0.94,3,Yes,Rejected
A0692,37,Female,Married,0,Highschool,Salaried,1429719,340,1,940597,120,Personal,1854756,Chennai,0.66,0.11,1,No,Rejected
A0693,30,Female,Widowed,3,Highschool,Self-employed,496956,472,0,950122,120,Business,1083685,Pune,1.91,0.19,5,Yes,Rejected
A0694,37,Female,Married,0,Graduate,Salaried,1036002,533,2,546880,48,Education,1586783,Pune,0.53,0.25,1,No,Rejected
A0695,40,Female,Divorced,3,Highschool,Self-employed,1308762,889,2,575551,36,Vehicle,1358218,Kolkata,0.44,0.24,0,No,Approved
A0696,44,Male,Single,2,Highschool,Salaried,1370642,702,1,830559,24,Education,1366528,Kolkata,0.61,0.35,1,No,Approved
A0697,25,Male,Married,2,Highschool,Self-employed,590508,338,1,621727,180,Personal,736152,Ahmedabad,1.05,0.17,4,Yes,Rejected
A0698,54,Female,Single,0,Highschool,Salaried,236160,418,0,136948,12,Business,1643305,Jaipur,0.58,0.58,3,Yes,Rejected
A0699,26,Female,Married,0,Postgraduate,Self-employed,219156,634,3,453351,48,Home,375987,Ahmedabad,2.07,1.34,1,No,Rejected
A0700,22,Male,Widowed,0,Graduate,Retired,1324784,635,2,963204,36,Medical,506775,Ahmedabad,0.73,0.33,1,No,Rejected
A0701,33,Female,Single,1,Postgraduate,Salaried,673196,838,2,646312,240,Business,1385140,Jaipur,0.96,0.23,2,No,Rejected
A0702,31,Male,Married,1,Graduate,Salaried,665536,373,0,879521,120,Personal,1470698,Mumbai,1.32,0.13,1,No,Rejected
A0703,43,Female,Single,1,Highschool,Salaried,873289,490,0,1382322,12,Home,1418167,Lucknow,1.58,1.58,4,Yes,Rejected
A0704,36,Male,Married,0,Graduate,Salaried,659822,623,1,511373,240,Education,464702,Jaipur,0.78,0.13,3,Yes,Rejected
A0705,51,Female,Married,3,Graduate,Salaried,1479802,446,1,1499273,24,Vehicle,1115472,Chennai,1.01,0.55,2,No,Rejected
A0706,31,Female,Widowed,2,Highschool,Salaried,919701,583,3,1380325,180,Vehicle,1152007,Lucknow,1.5,0.3,0,No,Rejected
A0707,36,Male,Married,0,Highschool,Salaried,1081809,512,0,1108507,60,Business,415162,Delhi,1.02,0.2,0,No,Rejected
A0708,28,Female,Single,1,Highschool,Salaried,505007,693,3,726776,60,Education,1619884,Mumbai,1.44,0.64,3,Yes,Rejected
A0709,24,Female,Single,1,Highschool,Salaried,937197,638,0,721029,36,Medical,1253914,Delhi,0.77,0.26,0,No,Rejected
A0710,24,Male,Single,0,Graduate,Salaried,265439,321,2,331773,180,Medical,1565491,Kolkata,1.25,0.54,4,Yes,Rejected
A0711,45,Female,Single,0,Graduate,Salaried,845649,404,0,1082099,12,Personal,808593,Indore,1.28,1.28,1,No,Rejected
A0712,23,Male,Single,1,Highschool,Salaried,412986,765,0,1488930,48,Vehicle,27738,Pune,3.61,0.9,3,Yes,Rejected
A0713,52,Male,Married,3,Highschool,Salaried,1445862,758,2,1322742,12,Education,1707861,Delhi,0.91,1.0,2,No,Rejected
A0714,23,Female,Married,1,Postgraduate,Salaried,229777,731,0,1112889,180,Business,1450255,Bhopal,4.84,0.32,1,No,Rejected
A0715,47,Female,Married,1,Highschool,Salaried,620661,520,3,497751,240,Home,57153,Ahmedabad,0.8,0.33,0,No,Rejected
A0716,49,Female,Single,0,Graduate,Salaried,398110,678,1,616031,120,Business,1786884,Chennai,1.55,0.31,0,No,Rejected
A0717,52,Female,Married,3,Postgraduate,Salaried,1233981,521,1,147367,60,Business,61009,Delhi,0.12,0.07,2,No,Rejected
A0718,39,Female,Married,1,Highschool,Self-employed,614627,557,3,1034622,36,Education,1922946,Delhi,1.68,0.85,4,Yes,Rejected
A0719,41,Female,Single,1,Highschool,Salaried,905937,666,2,768640,24,Vehicle,885978,Indore,0.85,0.56,2,No,Rejected
A0720,25,Female,Married,2,Graduate,Salaried,478011,648,0,507962,12,Education,484469,Kolkata,1.06,1.06,3,Yes,Rejected
A0721,38,Male,Married,0,Graduate,Self-employed,1393914,524,3,464716,60,Home,1745488,Ahmedabad,0.33,0.2,2,No,Rejected
A0722,48,Female,Single,2,Graduate,Self-employed,890568,535,1,677539,48,Education,1366991,Ahmedabad,0.76,0.26,0,No,Rejected
A0723,42,Male,Married,2,Postgraduate,Retired,759650,482,1,1233397,36,Personal,796229,Indore,1.62,0.62,4,Yes,Rejected
A0724,41,Female,Married,1,Highschool,Salaried,450449,743,3,344697,24,Business,1396850,Jaipur,0.77,0.78,4,Yes,Rejected
A0725,26,Female,Single,0,Graduate,Salaried,513732,305,1,1158783,12,Vehicle,71942,Indore,2.26,2.37,5,Yes,Rejected
A0726,21,Male,Divorced,3,Graduate,Self-employed,1417933,535,3,826487,48,Medical,118065,Bhopal,0.58,0.27,2,No,Rejected
A0727,25,Female,Married,1,Highschool,Salaried,980445,426,1,1176333,24,Home,1324685,Lucknow,1.2,0.66,3,Yes,Rejected
A0728,32,Female,Married,3,Graduate,Salaried,405827,403,3,1033730,120,Medical,1324453,Bhopal,2.55,0.7,0,No,Rejected
A0729,46,Male,Married,3,Highschool,Self-employed,402918,779,0,554623,60,Business,446439,Indore,1.38,0.28,1,No,Rejected
A0730,54,Female,Married,0,Graduate,Self-employed,1212671,454,0,920254,120,Education,1437902,Pune,0.76,0.08,4,Yes,Rejected
A0731,34,Female,Married,2,Highschool,Retired,542424,556,0,1410646,60,Medical,1568366,Jaipur,2.6,0.52,2,No,Rejected
A0732,46,Female,Married,0,Graduate,Retired,1042955,534,0,141340,48,Personal,682286,Pune,0.14,0.03,5,Yes,Rejected
A0733,47,Male,Single,3,Graduate,Self-employed,1123882,799,1,342955,240,Education,684143,Bhopal,0.31,0.07,3,Yes,Rejected
A0734,29,Female,Married,1,Postgraduate,Salaried,940045,588,2,1069738,120,Business,607648,Ahmedabad,1.14,0.24,3,Yes,Rejected
A0735,46,Female,Married,3,Highschool,Self-employed,1356245,809,3,992743,60,Medical,1216042,Bhopal,0.73,0.28,0,No,Approved
A0736,42,Female,Married,1,Graduate,Salaried,932318,851,2,1143131,36,Home,1419098,Mumbai,1.23,0.54,4,Yes,Rejected
A0737,50,Female,Single,1,Graduate,Salaried,358998,868,1,528373,48,Medical,720156,Kolkata,1.47,0.54,0,No,Rejected
A0738,37,Male,Married,0,Graduate,Self-employed,822995,597,1,1430657,60,Medical,290431,Chennai,1.74,0.42,5,Yes,Rejected
A0739,46,Male,Single,3,Graduate,Salaried,445847,436,2,1064211,12,Vehicle,1130680,Mumbai,2.39,2.66,1,No,Rejected
A0740,56,Female,Single,2,Graduate,Salaried,1476120,675,2,1421939,60,Medical,1734372,Indore,0.96,0.27,1,No,Rejected
A0741,21,Female,Single,3,Graduate,Salaried,1176006,386,1,1157975,120,Business,1397636,Delhi,0.98,0.15,1,No,Rejected
A0742,28,Male,Single,3,Postgraduate,Self-employed,1074168,718,1,751021,36,Home,1794268,Pune,0.7,0.29,3,Yes,Rejected
A0743,55,Male,Married,2,Graduate,Salaried,467614,498,3,854208,24,Business,1515359,Lucknow,1.83,1.3,4,Yes,Rejected
A0744,35,Female,Married,0,Graduate,Self-employed,1476043,762,0,1045161,240,Personal,1529275,Mumbai,0.71,0.04,0,No,Approved
A0745,42,Male,Single,3,Postgraduate,Salaried,1394601,736,0,906479,24,Education,1838196,Jaipur,0.65,0.32,0,No,Approved
A0746,34,Female,Married,3,Postgraduate,Self-employed,1156011,609,3,331615,60,Medical,1664069,Pune,0.29,0.21,5,Yes,Rejected
A0747,46,Male,Married,1,Postgraduate,Self-employed,992955,895,2,709981,24,Vehicle,232321,Mumbai,0.72,0.48,1,No,Approved
A0748,48,Male,Married,3,Graduate,Salaried,1466571,580,1,725219,60,Home,1932357,Ahmedabad,0.49,0.14,4,Yes,Rejected
A0749,43,Male,Single,2,Highschool,Salaried,493313,622,2,1089658,36,Vehicle,137837,Chennai,2.21,0.98,4,Yes,Rejected
A0750,34,Male,Married,1,Graduate,Salaried,354062,451,0,237852,24,Vehicle,444842,Bhopal,0.67,0.34,5,Yes,Rejected
A0751,44,Female,Widowed,0,Graduate,Retired,1054032,601,0,1437770,120,Vehicle,744067,Bhopal,1.36,0.14,2,No,Rejected
A0752,22,Male,Married,1,Graduate,Salaried,757373,577,2,697839,120,Medical,141879,Mumbai,0.92,0.25,4,Yes,Rejected
A0753,46,Male,Single,2,Graduate,Retired,1345640,307,0,430810,12,Home,10204,Indore,0.32,0.32,4,Yes,Rejected
A0754,34,Female,Single,2,Postgraduate,Salaried,906014,534,1,153010,60,Home,1796538,Jaipur,0.17,0.1,0,No,Rejected
A0755,27,Male,Married,1,Graduate,Self-employed,333114,860,3,1380660,24,Vehicle,713304,Indore,4.14,2.61,5,Yes,Rejected
A0756,23,Male,Divorced,0,Postgraduate,Self-employed,1056566,601,2,1422248,120,Education,1877128,Pune,1.35,0.25,4,Yes,Rejected
A0757,43,Female,Married,1,Graduate,Self-employed,691638,337,1,1007272,180,Medical,102903,Kolkata,1.46,0.18,4,Yes,Rejected
A0758,38,Male,Married,0,Graduate,Retired,757765,435,1,280680,36,Medical,415874,Chennai,0.37,0.2,0,No,Rejected
A0759,58,Female,Single,1,Graduate,Salaried,884076,720,0,499130,240,Business,823513,Chennai,0.56,0.03,4,Yes,Rejected
A0760,55,Female,Married,2,Graduate,Salaried,339133,518,1,1496728,36,Medical,780975,Bhopal,4.41,1.65,0,No,Rejected
A0761,35,Female,Married,3,Highschool,Self-employed,965710,647,2,636364,180,Vehicle,1607850,Chennai,0.66,0.17,2,No,Rejected
A0762,45,Female,Single,3,Highschool,Self-employed,545165,845,1,1003057,180,Personal,865754,Indore,1.84,0.23,3,Yes,Rejected
A0763,57,Male,Married,0,Postgraduate,Salaried,470001,378,3,169835,12,Vehicle,1929827,Jaipur,0.36,0.74,0,No,Rejected
A0764,48,Female,Widowed,0,Highschool,Salaried,623327,572,1,622757,36,Home,1965023,Jaipur,1.0,0.43,0,No,Rejected
A0765,30,Male,Single,0,Graduate,Salaried,982409,460,1,736712,36,Medical,574592,Bhopal,0.75,0.31,4,Yes,Rejected
A0766,59,Male,Married,2,Graduate,Salaried,544572,607,3,763478,24,Medical,1900600,Mumbai,1.4,1.03,0,No,Rejected
A0767,37,Male,Single,1,Graduate,Salaried,850332,673,1,1402970,60,Business,1369268,Jaipur,1.65,0.4,5,Yes,Rejected
A0768,59,Male,Married,2,Graduate,Salaried,913391,308,1,419055,48,Personal,1028341,Indore,0.46,0.18,1,No,Rejected
A0769,42,Male,Married,3,Highschool,Self-employed,705350,743,0,1090993,240,Medical,1409167,Delhi,1.55,0.08,1,No,Rejected
A0770,46,Male,Married,0,Graduate,Salaried,537164,412,2,203088,36,Business,1612850,Mumbai,0.38,0.35,2,No,Rejected
A0771,45,Male,Married,1,Graduate,Salaried,1277057,504,0,1059296,240,Business,336239,Kolkata,0.83,0.04,0,No,Rejected
A0772,37,Male,Single,3,Graduate,Salaried,866627,704,2,1313575,240,Personal,1140170,Lucknow,1.52,0.21,5,Yes,Rejected
A0773,33,Male,Divorced,3,Highschool,Salaried,1104329,496,3,362530,240,Vehicle,350425,Ahmedabad,0.33,0.18,4,Yes,Rejected
A0774,40,Male,Married,3,Graduate,Self-employed,961062,414,3,1440740,36,Vehicle,1639015,Chennai,1.5,0.69,4,Yes,Rejected
A0775,45,Female,Single,2,Highschool,Retired,337815,420,3,317767,48,Vehicle,1908606,Chennai,0.94,0.77,3,Yes,Rejected
A0776,24,Female,Married,0,Highschool,Salaried,827763,364,2,1209970,36,Education,1863222,Delhi,1.46,0.63,2,No,Rejected
A0777,30,Female,Married,3,Highschool,Self-employed,904133,575,2,746004,24,Vehicle,825177,Mumbai,0.83,0.55,5,Yes,Rejected
A0778,23,Male,Single,0,Highschool,Self-employed,519186,538,2,287486,24,Personal,502939,Bhopal,0.55,0.51,5,Yes,Rejected
A0779,38,Female,Married,2,Postgraduate,Self-employed,249476,601,3,1072320,48,Education,1222196,Indore,4.3,1.8,4,Yes,Rejected
A0780,56,Female,Divorced,3,Highschool,Salaried,1245471,691,2,1391132,120,Vehicle,141753,Delhi,1.12,0.21,3,Yes,Rejected
A0781,42,Female,Single,2,Postgraduate,Retired,490696,821,1,466590,36,Education,138056,Ahmedabad,0.95,0.44,4,Yes,Rejected
A0782,54,Male,Widowed,2,Postgraduate,Salaried,920602,668,0,1318383,120,Personal,158651,Jaipur,1.43,0.14,3,Yes,Rejected
A0783,28,Male,Single,0,Graduate,Salaried,884308,532,3,194702,240,Vehicle,1925818,Bhopal,0.22,0.21,1,No,Rejected
A0784,39,Male,Single,3,Highschool,Salaried,1455959,494,0,205509,36,Home,234347,Lucknow,0.14,0.05,5,Yes,Rejected
A0785,57,Male,Single,2,Graduate,Salaried,269093,311,1,455752,60,Medical,1758869,Bhopal,1.69,0.56,1,No,Rejected
A0786,26,Female,Married,3,Graduate,Salaried,216535,476,2,1262886,36,Personal,1469191,Delhi,5.83,2.5,4,Yes,Rejected
A0787,46,Female,Married,0,Graduate,Salaried,528634,516,0,932234,24,Business,686841,Kolkata,1.76,0.88,2,No,Rejected
A0788,54,Female,Single,2,Highschool,Salaried,456323,310,1,658910,12,Business,1049520,Delhi,1.44,1.58,0,No,Rejected
A0789,26,Female,Married,0,Graduate,Self-employed,458916,745,1,209935,180,Personal,618281,Delhi,0.46,0.16,2,No,Approved
A0790,57,Male,Married,3,Postgraduate,Self-employed,913895,463,0,360440,12,Business,271258,Delhi,0.39,0.39,2,No,Rejected
A0791,53,Male,Single,3,Graduate,Salaried,1478639,850,3,1266495,12,Personal,826278,Bhopal,0.86,0.98,0,No,Rejected
A0792,42,Male,Married,0,Highschool,Self-employed,241269,352,0,1020101,12,Home,739026,Delhi,4.23,4.23,5,Yes,Rejected
A0793,41,Female,Married,1,Graduate,Self-employed,1329250,517,3,1058101,180,Personal,1257496,Mumbai,0.8,0.19,1,No,Rejected
A0794,26,Male,Married,2,Highschool,Self-employed,1028894,659,2,796314,120,Vehicle,1305381,Bhopal,0.77,0.19,1,No,Rejected
A0795,26,Male,Widowed,3,Highschool,Salaried,1120631,684,3,169519,180,Vehicle,1343316,Jaipur,0.15,0.17,5,Yes,Rejected
A0796,24,Female,Married,3,Postgraduate,Self-employed,485291,355,2,811475,120,Education,628375,Mumbai,1.67,0.41,0,No,Rejected
A0797,50,Female,Widowed,2,Highschool,Retired,638744,417,0,1060655,180,Business,992791,Ahmedabad,1.66,0.11,3,Yes,Rejected
A0798,31,Male,Married,0,Highschool,Self-employed,968460,552,2,1405163,180,Medical,793339,Jaipur,1.45,0.22,2,No,Rejected
A0799,50,Male,Married,0,Highschool,Salaried,290925,479,1,1296688,36,Business,255035,Lucknow,4.46,1.69,4,Yes,Rejected
A0800,51,Male,Single,0,Postgraduate,Salaried,790669,714,2,144772,120,Personal,1207762,Chennai,0.18,0.17,1,No,Approved
A0801,44,Male,Married,1,Graduate,Salaried,1490906,534,3,222431,36,Medical,1860017,Bhopal,0.15,0.17,5,Yes,Rejected
A0802,29,Male,Married,1,Graduate,Salaried,1156176,379,3,982522,60,Medical,346990,Chennai,0.85,0.33,4,Yes,Rejected
A0803,23,Male,Single,3,Graduate,Salaried,1262307,321,3,294904,36,Business,1885249,Bhopal,0.23,0.22,0,No,Rejected
A0804,51,Female,Single,0,Highschool,Salaried,1349697,776,2,258988,12,Medical,1739661,Jaipur,0.19,0.28,4,Yes,Rejected
A0805,57,Female,Married,2,Graduate,Self-employed,465976,739,3,931303,48,Medical,805428,Lucknow,2.0,0.89,4,Yes,Rejected
A0806,56,Female,Married,3,Graduate,Self-employed,212467,869,3,614743,48,Vehicle,1447839,Indore,2.89,1.57,2,No,Rejected
A0807,44,Male,Married,2,Highschool,Salaried,1289601,392,1,139080,24,Home,1339487,Indore,0.11,0.1,0,No,Rejected
A0808,51,Female,Married,3,Graduate,Retired,1392755,491,2,206242,24,Personal,1327067,Mumbai,0.15,0.16,4,Yes,Rejected
A0809,26,Male,Single,1,Postgraduate,Salaried,1245851,402,1,929154,240,Business,102063,Delhi,0.75,0.09,1,No,Rejected
A0810,22,Male,Married,3,Highschool,Self-employed,277994,695,3,614080,36,Vehicle,1596966,Delhi,2.21,1.38,0,No,Rejected
A0811,40,Female,Single,1,Highschool,Self-employed,294202,306,3,1177624,180,Education,1577127,Indore,4.0,0.88,1,No,Rejected
A0812,48,Male,Married,3,Highschool,Self-employed,767769,866,3,1027281,180,Medical,370729,Jaipur,1.34,0.32,5,Yes,Rejected
A0813,31,Male,Married,0,Highschool,Retired,644854,530,2,1465431,48,Medical,1116014,Lucknow,2.27,0.75,5,Yes,Rejected
A0814,24,Female,Married,2,Postgraduate,Salaried,948987,873,0,267403,12,Business,1144935,Mumbai,0.28,0.28,3,Yes,Rejected
A0815,35,Female,Married,0,Graduate,Self-employed,360185,539,3,356392,120,Home,423756,Jaipur,0.99,0.6,5,Yes,Rejected
A0816,26,Female,Single,3,Graduate,Salaried,284363,389,3,120968,12,Home,654539,Delhi,0.43,1.06,4,Yes,Rejected
A0817,50,Male,Married,3,Graduate,Self-employed,525188,531,3,1382993,240,Business,1542663,Mumbai,2.63,0.47,0,No,Rejected
A0818,58,Female,Married,3,Highschool,Self-employed,411027,756,3,876230,12,Business,1517518,Chennai,2.13,2.57,5,Yes,Rejected
A0819,22,Female,Married,1,Graduate,Self-employed,1178534,532,2,1058298,36,Vehicle,456985,Pune,0.9,0.4,1,No,Rejected
A0820,35,Male,Single,2,Graduate,Salaried,473958,653,0,1490179,36,Business,696203,Ahmedabad,3.14,1.05,4,Yes,Rejected
A0821,31,Female,Married,2,Graduate,Self-employed,472168,632,0,936624,60,Education,27690,Mumbai,1.98,0.4,5,Yes,Rejected
A0822,28,Female,Married,3,Postgraduate,Salaried,1095668,738,0,693453,240,Vehicle,527282,Delhi,0.63,0.03,2,No,Approved
A0823,46,Female,Single,3,Graduate,Salaried,782124,674,3,954082,12,Medical,1152109,Jaipur,1.22,1.45,1,No,Rejected
A0824,25,Male,Single,1,Graduate,Self-employed,1184588,591,3,846470,180,Medical,1116122,Chennai,0.71,0.2,1,No,Rejected
A0825,26,Male,Married,0,Postgraduate,Salaried,455095,644,0,253329,180,Medical,1449169,Ahmedabad,0.56,0.04,3,Yes,Rejected
A0826,46,Male,Married,0,Highschool,Self-employed,681632,727,0,1249164,240,Medical,340716,Ahmedabad,1.83,0.09,2,No,Rejected
A0827,24,Male,Single,2,Highschool,Salaried,449717,429,3,877110,12,Personal,550755,Mumbai,1.95,2.35,3,Yes,Rejected
A0828,39,Female,Single,1,Highschool,Salaried,1281516,440,3,1462392,36,Education,770878,Ahmedabad,1.14,0.52,5,Yes,Rejected
A0829,40,Male,Single,3,Graduate,Self-employed,729954,714,1,1080812,36,Vehicle,655408,Chennai,1.48,0.58,2,No,Rejected
A0830,53,Male,Single,2,Graduate,Salaried,1404740,392,1,832943,60,Vehicle,168050,Lucknow,0.59,0.16,1,No,Rejected
A0831,40,Female,Married,1,Graduate,Salaried,1116185,583,1,1432833,60,Medical,1557658,Jaipur,1.28,0.31,3,Yes,Rejected
A0832,32,Female,Married,0,Postgraduate,Self-employed,1109834,522,0,1411414,24,Home,513672,Mumbai,1.27,0.64,4,Yes,Rejected
A0833,21,Female,Married,1,Graduate,Salaried,406717,762,2,115588,240,Vehicle,1882614,Ahmedabad,0.28,0.31,2,No,Approved
A0834,46,Male,Married,0,Graduate,Salaried,226505,844,3,817116,48,Education,999078,Lucknow,3.61,1.7,1,No,Rejected
A0835,34,Male,Single,1,Highschool,Salaried,647603,575,1,557301,12,Business,1933120,Jaipur,0.86,0.95,0,No,Rejected
A0836,58,Male,Married,2,Highschool,Self-employed,1029601,439,2,866719,240,Education,1646278,Bhopal,0.84,0.16,2,No,Rejected
A0837,57,Female,Married,0,Graduate,Self-employed,1452930,656,3,345456,180,Medical,879577,Lucknow,0.24,0.14,2,No,Rejected
A0838,31,Female,Widowed,2,Graduate,Self-employed,1169246,322,2,1212949,12,Medical,704582,Bhopal,1.04,1.14,5,Yes,Rejected
A0839,56,Male,Married,2,Postgraduate,Salaried,412204,569,0,630992,60,Personal,572403,Bhopal,1.53,0.31,4,Yes,Rejected
A0840,33,Female,Single,0,Highschool,Self-employed,1499270,632,0,1188712,60,Vehicle,876038,Lucknow,0.79,0.16,5,Yes,Rejected
A0841,23,Female,Married,0,Highschool,Self-employed,449836,384,0,147361,24,Vehicle,1613511,Ahmedabad,0.33,0.16,2,No,Rejected
A0842,53,Female,Single,3,Graduate,Self-employed,958849,330,1,945279,48,Vehicle,1103183,Bhopal,0.99,0.31,2,No,Rejected
A0843,26,Male,Married,3,Highschool,Salaried,728168,539,3,242513,24,Medical,1499202,Ahmedabad,0.33,0.41,4,Yes,Rejected
A0844,30,Female,Single,3,Highschool,Self-employed,636670,662,0,114677,180,Vehicle,1070572,Ahmedabad,0.18,0.01,4,Yes,Rejected
A0845,25,Female,Single,2,Graduate,Self-employed,1173215,688,1,1412588,48,Home,972425,Jaipur,1.2,0.35,3,Yes,Rejected
A0846,43,Male,Married,2,Highschool,Salaried,767827,598,1,1477984,120,Home,1132273,Kolkata,1.92,0.27,1,No,Rejected
A0847,30,Male,Single,3,Graduate,Salaried,440056,670,1,171939,12,Business,1356742,Chennai,0.39,0.53,1,No,Rejected
A0848,22,Female,Married,2,Highschool,Self-employed,1467633,398,1,1426452,24,Vehicle,826580,Ahmedabad,0.97,0.53,3,Yes,Rejected
A0849,33,Female,Single,2,Highschool,Salaried,707800,346,0,511742,60,Personal,1640628,Jaipur,0.72,0.14,1,No,Rejected
A0850,22,Male,Married,0,Graduate,Retired,1353419,721,1,859848,24,Business,1926909,Pune,0.64,0.36,2,No,Approved
A0851,40,Male,Married,0,Postgraduate,Self-employed,643942,779,0,908826,120,Medical,352868,Bhopal,1.41,0.14,3,Yes,Rejected
A0852,21,Female,Married,2,Graduate,Salaried,248784,878,0,1283750,24,Vehicle,1959774,Mumbai,5.16,2.58,3,Yes,Rejected
A0853,57,Female,Single,3,Graduate,Salaried,313034,361,1,595062,12,Home,239190,Ahmedabad,1.9,2.09,1,No,Rejected
A0854,29,Female,Single,1,Highschool,Salaried,634044,408,0,222366,120,Personal,8888,Lucknow,0.35,0.04,0,No,Rejected
A0855,37,Female,Single,3,Graduate,Retired,1302938,848,3,296164,240,Business,1792602,Bhopal,0.23,0.15,1,No,Approved
A0856,29,Male,Single,1,Highschool,Salaried,253997,418,3,892644,240,Personal,435413,Bhopal,3.51,0.88,5,Yes,Rejected
A0857,31,Female,Married,3,Graduate,Self-employed,381413,897,2,923837,240,Vehicle,1001830,Pune,2.42,0.44,0,No,Rejected
A0858,35,Female,Divorced,0,Graduate,Salaried,1000981,681,3,492776,60,Education,1270008,Mumbai,0.49,0.28,3,Yes,Rejected
A0859,44,Male,Married,2,Postgraduate,Salaried,1043352,691,0,1487781,60,Personal,361085,Jaipur,1.43,0.29,0,No,Rejected
A0860,58,Female,Married,2,Graduate,Salaried,940686,351,0,456440,240,Personal,1990554,Pune,0.49,0.02,2,No,Rejected
A0861,55,Male,Married,0,Highschool,Salaried,984752,588,3,941618,240,Medical,279477,Chennai,0.96,0.23,4,Yes,Rejected
A0862,50,Female,Married,1,Highschool,Retired,357255,636,1,1061743,240,Home,501616,Bhopal,2.97,0.32,0,No,Rejected
A0863,51,Female,Single,1,Postgraduate,Salaried,1080292,503,1,634820,36,Vehicle,560643,Ahmedabad,0.59,0.25,5,Yes,Rejected
A0864,25,Male,Divorced,1,Graduate,Salaried,748912,537,0,310126,240,Personal,230487,Ahmedabad,0.41,0.02,4,Yes,Rejected
A0865,34,Male,Married,0,Graduate,Salaried,770993,681,1,1089516,120,Vehicle,653974,Pune,1.41,0.22,2,No,Rejected
A0866,31,Female,Married,1,Highschool,Salaried,1046822,435,2,1135340,36,Home,467119,Chennai,1.08,0.48,5,Yes,Rejected
A0867,29,Female,Single,0,Graduate,Salaried,268369,706,2,1364927,36,Medical,983762,Indore,5.09,2.14,4,Yes,Rejected
A0868,54,Female,Married,3,Highschool,Self-employed,1450469,807,3,1477260,12,Vehicle,1735081,Delhi,1.02,1.14,2,No,Rejected
A0869,32,Male,Married,3,Postgraduate,Salaried,900146,661,3,203021,24,Home,773890,Lucknow,0.23,0.31,4,Yes,Rejected
A0870,55,Female,Married,0,Graduate,Salaried,950046,680,1,889703,60,Home,249434,Lucknow,0.94,0.25,4,Yes,Rejected
A0871,55,Male,Married,2,Postgraduate,Salaried,847999,875,0,100209,60,Business,889602,Indore,0.12,0.02,1,No,Approved
A0872,21,Male,Single,3,Highschool,Retired,276425,553,3,322071,24,Medical,1386395,Bhopal,1.17,1.23,5,Yes,Rejected
A0873,42,Female,Widowed,1,Graduate,Salaried,696297,776,2,1132345,60,Medical,1229502,Jaipur,1.63,0.5,5,Yes,Rejected
A0874,49,Male,Single,0,Graduate,Salaried,1218543,413,3,906409,24,Vehicle,591952,Mumbai,0.74,0.52,0,No,Rejected
A0875,28,Female,Married,1,Graduate,Self-employed,311915,319,3,1353790,120,Education,500638,Indore,4.34,1.01,5,Yes,Rejected
A0876,31,Female,Single,1,Postgraduate,Salaried,585105,827,2,1258496,12,Business,610441,Chennai,2.15,2.36,5,Yes,Rejected
A0877,57,Female,Married,2,Postgraduate,Salaried,683414,444,0,461732,240,Medical,1666480,Ahmedabad,0.68,0.03,4,Yes,Rejected
A0878,34,Female,Divorced,1,Postgraduate,Salaried,1353248,507,3,1479404,12,Home,1870293,Delhi,1.09,1.23,3,Yes,Rejected
A0879,50,Female,Single,2,Graduate,Self-employed,1013071,830,3,1378720,180,Medical,1304925,Bhopal,1.36,0.27,1,No,Rejected
A0880,55,Male,Married,3,Highschool,Salaried,518821,675,3,1010294,12,Education,1459325,Delhi,1.95,2.29,0,No,Rejected
A0881,41,Male,Single,0,Highschool,Self-employed,232930,803,1,1416327,24,Personal,950128,Mumbai,6.08,3.3,1,No,Rejected
A0882,57,Female,Divorced,1,Postgraduate,Salaried,1321889,465,3,316194,180,Personal,571284,Ahmedabad,0.24,0.15,0,No,Rejected
A0883,25,Female,Married,0,Highschool,Salaried,949211,849,2,456930,24,Medical,309091,Chennai,0.48,0.37,2,No,Approved
A0884,39,Male,Married,1,Graduate,Salaried,1361729,480,0,488550,240,Medical,421172,Lucknow,0.36,0.02,4,Yes,Rejected
A0885,34,Male,Single,0,Graduate,Salaried,432911,743,0,283011,48,Business,1886038,Mumbai,0.65,0.16,5,Yes,Rejected
A0886,46,Male,Widowed,1,Graduate,Self-employed,1344634,631,2,773954,180,Medical,451813,Indore,0.58,0.13,5,Yes,Rejected
A0887,24,Male,Married,1,Postgraduate,Salaried,287876,802,1,107399,240,Education,1877451,Lucknow,0.37,0.23,3,Yes,Rejected
A0888,45,Female,Single,1,Graduate,Salaried,809654,378,2,1042621,240,Medical,652632,Lucknow,1.29,0.21,1,No,Rejected
A0889,45,Female,Married,1,Graduate,Salaried,737691,884,0,198662,60,Vehicle,229685,Chennai,0.27,0.05,1,No,Approved
A0890,38,Male,Single,1,Highschool,Retired,972838,695,2,1444337,60,Education,327608,Indore,1.48,0.42,1,No,Rejected
A0891,28,Female,Married,1,Graduate,Salaried,461420,402,1,762858,48,Business,1700883,Pune,1.65,0.54,5,Yes,Rejected
A0892,59,Male,Single,1,Highschool,Retired,677843,701,0,872592,48,Vehicle,135024,Mumbai,1.29,0.32,1,No,Rejected
A0893,34,Female,Married,1,Graduate,Salaried,535639,523,1,1016283,12,Vehicle,974384,Jaipur,1.9,2.01,4,Yes,Rejected
A0894,52,Male,Married,1,Postgraduate,Salaried,363004,817,2,473221,240,Personal,183273,Kolkata,1.3,0.4,0,No,Rejected
A0895,58,Female,Single,0,Postgraduate,Salaried,558234,535,3,1134023,48,Education,644742,Ahmedabad,2.03,0.83,5,Yes,Rejected
A0896,53,Male,Single,2,Highschool,Salaried,596601,726,2,896060,24,Vehicle,124444,Chennai,1.5,0.95,4,Yes,Rejected
A0897,43,Male,Single,1,Graduate,Salaried,781529,415,1,493545,240,Business,374319,Ahmedabad,0.63,0.11,2,No,Rejected
A0898,35,Female,Married,2,Postgraduate,Salaried,865727,462,2,400763,36,Personal,304604,Mumbai,0.46,0.29,4,Yes,Rejected
A0899,53,Male,Single,1,Highschool,Retired,265030,525,3,1155608,24,Vehicle,1202444,Indore,4.36,2.86,4,Yes,Rejected
A0900,45,Female,Married,1,Highschool,Self-employed,1412980,529,1,1448754,180,Education,162818,Jaipur,1.03,0.11,2,No,Rejected
A0901,37,Female,Single,0,Highschool,Self-employed,1202682,481,2,726946,48,Personal,480001,Kolkata,0.6,0.25,4,Yes,Rejected
A0902,53,Male,Single,3,Graduate,Salaried,1455973,548,1,1007555,60,Education,1048591,Delhi,0.69,0.18,0,No,Rejected
A0903,22,Female,Married,3,Highschool,Salaried,679702,617,1,147850,24,Education,1884765,Jaipur,0.22,0.2,5,Yes,Rejected
A0904,34,Female,Single,0,Postgraduate,Salaried,305185,509,0,379916,60,Education,1205605,Chennai,1.24,0.25,3,Yes,Rejected
A0905,59,Female,Divorced,2,Graduate,Self-employed,1284980,691,0,448249,24,Personal,605829,Ahmedabad,0.35,0.17,2,No,Rejected
A0906,26,Female,Married,3,Graduate,Retired,255182,395,1,534895,60,Vehicle,1594156,Jaipur,2.1,0.65,5,Yes,Rejected
A0907,26,Female,Married,0,Highschool,Salaried,903023,385,2,1086275,120,Medical,1433414,Bhopal,1.2,0.25,1,No,Rejected
A0908,23,Male,Married,0,Graduate,Salaried,1052318,714,2,104576,24,Home,162948,Indore,0.1,0.16,0,No,Approved
A0909,27,Female,Married,3,Graduate,Salaried,545992,693,2,534848,180,Vehicle,716087,Indore,0.98,0.29,3,Yes,Rejected
A0910,28,Female,Single,2,Graduate,Salaried,1141631,800,3,1396868,60,Personal,1095622,Bhopal,1.22,0.4,0,No,Rejected
A0911,35,Female,Single,0,Graduate,Salaried,1044124,881,1,910586,36,Home,1587681,Lucknow,0.87,0.35,0,No,Rejected
A0912,49,Female,Single,1,Graduate,Salaried,1474037,432,1,1427885,180,Home,1058335,Lucknow,0.97,0.11,1,No,Rejected
A0913,53,Female,Married,2,Postgraduate,Self-employed,1020217,613,3,114439,12,Home,1228080,Mumbai,0.11,0.29,3,Yes,Rejected
A0914,50,Male,Single,2,Postgraduate,Salaried,808434,520,1,1367699,24,Medical,1317132,Pune,1.69,0.92,0,No,Rejected
A0915,59,Female,Married,3,Graduate,Salaried,1206630,737,1,863445,36,Business,1499549,Delhi,0.72,0.29,1,No,Approved
A0916,47,Male,Widowed,3,Highschool,Retired,688195,345,3,1448483,12,Personal,282648,Bhopal,2.1,2.37,2,No,Rejected
A0917,56,Male,Married,1,Highschool,Salaried,772285,491,0,216189,24,Medical,1419220,Mumbai,0.28,0.14,1,No,Rejected
A0918,49,Male,Married,0,Highschool,Salaried,344375,819,1,1258866,36,Medical,270651,Ahmedabad,3.66,1.39,4,Yes,Rejected
A0919,58,Male,Single,3,Graduate,Salaried,235187,678,3,1081598,36,Business,1069626,Bhopal,4.6,2.3,5,Yes,Rejected
A0920,53,Female,Married,3,Graduate,Salaried,1189280,633,2,905896,180,Home,398036,Pune,0.76,0.15,1,No,Rejected
A0921,57,Male,Married,2,Graduate,Salaried,857253,338,0,1059540,120,Business,1973915,Bhopal,1.24,0.12,1,No,Rejected
A0922,47,Male,Single,3,Postgraduate,Self-employed,1286666,592,2,223980,36,Business,486383,Pune,0.17,0.15,1,No,Rejected
A0923,53,Female,Single,3,Postgraduate,Salaried,1182426,461,1,327021,120,Medical,1148729,Pune,0.28,0.08,0,No,Rejected
A0924,24,Female,Divorced,3,Postgraduate,Salaried,977766,630,0,788630,48,Personal,1848595,Pune,0.81,0.2,3,Yes,Rejected
A0925,42,Female,Married,3,Graduate,Self-employed,741797,403,3,1190875,180,Education,231329,Indore,1.61,0.35,1,No,Rejected
A0926,22,Male,Married,2,Graduate,Salaried,268653,460,1,841165,240,Business,1630596,Jaipur,3.13,0.38,1,No,Rejected
A0927,30,Female,Married,1,Highschool,Self-employed,892289,353,3,131541,60,Business,576209,Indore,0.15,0.23,4,Yes,Rejected
A0928,25,Female,Married,1,Highschool,Self-employed,466186,333,0,1484265,180,Home,1487291,Mumbai,3.18,0.21,4,Yes,Rejected
A0929,30,Male,Married,0,Highschool,Salaried,1442222,541,2,575759,12,Home,1690598,Indore,0.4,0.48,2,No,Rejected
A0930,53,Female,Married,3,Graduate,Self-employed,487166,412,1,847358,60,Medical,1039786,Indore,1.74,0.47,2,No,Rejected
A0931,58,Female,Single,2,Graduate,Salaried,752226,617,1,229188,60,Home,1965112,Ahmedabad,0.3,0.14,4,Yes,Rejected
A0932,33,Female,Married,0,Postgraduate,Retired,1423326,322,3,308150,240,Vehicle,137912,Bhopal,0.22,0.14,3,Yes,Rejected
A0933,51,Female,Married,0,Highschool,Salaried,1104603,857,0,576186,120,Business,496586,Indore,0.52,0.05,2,No,Approved
A0934,56,Male,Married,1,Graduate,Retired,460710,417,3,319073,240,Home,555728,Kolkata,0.69,0.43,5,Yes,Rejected
A0935,44,Female,Married,2,Graduate,Self-employed,1480896,511,0,580620,240,Personal,1608047,Pune,0.39,0.02,5,Yes,Rejected
A0936,35,Female,Married,2,Highschool,Salaried,1048152,717,1,644444,60,Vehicle,1931180,Bhopal,0.61,0.18,3,Yes,Rejected
A0937,49,Male,Married,2,Graduate,Salaried,912165,412,0,841196,36,Medical,1706325,Lucknow,0.92,0.31,4,Yes,Rejected
A0938,28,Female,Married,1,Highschool,Retired,1325054,343,1,768795,120,Education,638803,Ahmedabad,0.58,0.1,2,No,Rejected
A0939,25,Male,Married,1,Graduate,Self-employed,1138193,427,0,825010,60,Business,1433903,Jaipur,0.72,0.14,1,No,Rejected
A0940,49,Female,Married,1,Graduate,Salaried,1375677,457,2,801696,120,Business,328443,Ahmedabad,0.58,0.15,4,Yes,Rejected
A0941,24,Male,Single,1,Highschool,Self-employed,788033,693,0,1222207,48,Personal,1793397,Pune,1.55,0.39,2,No,Rejected
A0942,32,Male,Married,1,Highschool,Salaried,1244385,811,2,924341,120,Education,1009589,Bhopal,0.74,0.17,3,Yes,Rejected
A0943,22,Male,Single,3,Graduate,Salaried,1380859,344,0,693775,24,Education,1688367,Jaipur,0.5,0.25,5,Yes,Rejected
A0944,47,Male,Single,3,Postgraduate,Salaried,593445,407,0,1038972,36,Medical,1087599,Delhi,1.75,0.58,3,Yes,Rejected
A0945,51,Female,Married,2,Graduate,Salaried,641758,518,3,585825,12,Medical,1229677,Chennai,0.91,1.19,2,No,Rejected
A0946,56,Male,Married,0,Graduate,Self-employed,1350065,742,3,409799,24,Vehicle,302085,Ahmedabad,0.3,0.29,3,Yes,Rejected
A0947,56,Female,Widowed,2,Graduate,Salaried,756107,614,1,527557,24,Business,1495742,Jaipur,0.7,0.43,2,No,Rejected
A0948,46,Male,Married,0,Postgraduate,Self-employed,247779,476,3,819542,240,Home,908109,Mumbai,3.31,0.89,2,No,Rejected
A0949,47,Male,Married,1,Postgraduate,Salaried,789872,527,0,1200362,240,Medical,742319,Jaipur,1.52,0.08,3,Yes,Rejected
A0950,25,Male,Married,0,Graduate,Salaried,1497391,566,3,168304,24,Personal,76054,Chennai,0.11,0.18,0,No,Rejected
A0951,40,Female,Married,2,Graduate,Salaried,1044464,678,0,465750,60,Personal,1376083,Pune,0.45,0.09,1,No,Rejected
A0952,31,Male,Single,2,Postgraduate,Salaried,577218,788,2,1326162,120,Personal,501772,Bhopal,2.3,0.44,4,Yes,Rejected
A0953,30,Female,Single,0,Graduate,Salaried,1014468,589,0,584103,120,Medical,586030,Delhi,0.58,0.06,5,Yes,Rejected
A0954,58,Female,Single,3,Graduate,Salaried,345364,656,1,155107,180,Medical,1041963,Mumbai,0.45,0.2,1,No,Rejected
A0955,26,Female,Married,1,Highschool,Salaried,727340,503,2,622058,60,Personal,1539688,Jaipur,0.86,0.34,4,Yes,Rejected
A0956,28,Female,Single,1,Postgraduate,Salaried,1447486,512,1,1393767,36,Medical,569503,Kolkata,0.96,0.36,4,Yes,Rejected
A0957,43,Female,Single,2,Postgraduate,Salaried,529963,851,1,450041,60,Home,1042585,Indore,0.85,0.28,5,Yes,Rejected
A0958,46,Female,Single,3,Highschool,Salaried,1225607,622,1,1221153,60,Home,1882865,Pune,1.0,0.25,1,No,Rejected
A0959,32,Female,Widowed,0,Graduate,Self-employed,1395268,893,3,839663,60,Vehicle,1890484,Ahmedabad,0.6,0.25,5,Yes,Rejected
A0960,46,Female,Single,1,Graduate,Retired,1279037,480,1,504062,36,Business,159245,Ahmedabad,0.39,0.18,2,No,Rejected
A0961,33,Female,Married,3,Highschool,Salaried,1215930,798,2,360933,180,Home,1451187,Chennai,0.3,0.12,5,Yes,Rejected
A0962,38,Male,Single,1,Postgraduate,Salaried,1258048,619,0,382068,36,Vehicle,846200,Pune,0.3,0.1,3,Yes,Rejected
A0963,45,Male,Married,3,Highschool,Salaried,1055695,382,1,769242,48,Education,1290019,Mumbai,0.73,0.24,0,No,Rejected
A0964,53,Male,Single,3,Highschool,Retired,312036,602,2,1104059,180,Business,1526535,Lucknow,3.54,0.62,0,No,Rejected
A0965,32,Male,Single,2,Graduate,Salaried,388674,561,1,1149671,48,Home,1152167,Delhi,2.96,0.89,0,No,Rejected
A0966,56,Male,Married,1,Graduate,Salaried,487667,499,0,466349,48,Education,1297621,Mumbai,0.96,0.24,1,No,Rejected
A0967,24,Female,Single,0,Highschool,Salaried,1089694,539,2,1128719,48,Vehicle,1619093,Delhi,1.04,0.37,1,No,Rejected
A0968,25,Female,Single,2,Graduate,Salaried,790348,594,2,821975,120,Home,1992719,Bhopal,1.04,0.26,2,No,Rejected
A0969,57,Female,Single,2,Graduate,Salaried,863759,811,0,588409,24,Home,1946714,Bhopal,0.68,0.34,0,No,Approved
A0970,28,Female,Single,0,Highschool,Self-employed,1109121,695,2,931710,24,Medical,62583,Pune,0.84,0.53,2,No,Rejected
A0971,48,Female,Single,2,Highschool,Salaried,243162,437,0,151999,48,Education,255931,Pune,0.63,0.16,0,No,Rejected
A0972,51,Female,Single,3,Graduate,Salaried,473497,428,2,1429064,48,Home,1208572,Ahmedabad,3.02,1.01,1,No,Rejected
A0973,29,Female,Married,3,Highschool,Salaried,312313,348,2,301587,12,Personal,1698875,Indore,0.97,1.35,3,Yes,Rejected
A0974,49,Male,Married,1,Postgraduate,Salaried,228477,592,0,363356,240,Medical,1514761,Chennai,1.59,0.08,3,Yes,Rejected
A0975,34,Male,Married,1,Postgraduate,Retired,286373,835,0,240073,24,Medical,1340824,Indore,0.84,0.42,3,Yes,Rejected
A0976,42,Male,Single,0,Postgraduate,Salaried,893464,610,2,1227360,240,Home,764948,Mumbai,1.37,0.2,5,Yes,Rejected
A0977,31,Male,Divorced,1,Highschool,Self-employed,918730,836,2,985155,240,Medical,824026,Ahmedabad,1.07,0.18,3,Yes,Rejected
A0978,43,Female,Single,3,Postgraduate,Salaried,268359,533,0,443288,12,Business,265808,Delhi,1.65,1.65,4,Yes,Rejected
A0979,21,Female,Single,0,Graduate,Salaried,1392564,508,3,655656,240,Education,1845536,Lucknow,0.47,0.15,0,No,Rejected
A0980,57,Female,Married,0,Graduate,Retired,1374726,393,0,1209736,180,Business,1732126,Jaipur,0.88,0.06,3,Yes,Rejected
A0981,41,Male,Single,1,Highschool,Salaried,673919,626,2,781214,12,Vehicle,721393,Kolkata,1.16,1.34,4,Yes,Rejected
A0982,46,Female,Single,3,Highschool,Self-employed,1016117,524,2,372859,240,Business,454377,Bhopal,0.37,0.14,4,Yes,Rejected
A0983,56,Female,Married,0,Graduate,Salaried,1037566,310,2,683072,240,Personal,728537,Indore,0.66,0.15,4,Yes,Rejected
A0984,43,Female,Married,3,Graduate,Self-employed,551060,628,0,491337,60,Medical,652692,Chennai,0.89,0.18,2,No,Rejected
A0985,21,Male,Married,3,Highschool,Salaried,1356543,311,2,1175373,240,Medical,1250240,Lucknow,0.87,0.13,2,No,Rejected
A0986,35,Female,Married,3,Graduate,Salaried,294455,334,3,1458293,120,Personal,1343619,Lucknow,4.95,1.11,4,Yes,Rejected
A0987,41,Male,Widowed,1,Highschool,Self-employed,1423981,746,1,662193,180,Medical,857411,Bhopal,0.47,0.07,5,Yes,Rejected
A0988,29,Male,Single,2,Graduate,Retired,439646,751,3,1039077,36,Business,541529,Kolkata,2.36,1.2,3,Yes,Rejected
A0989,29,Male,Single,2,Graduate,Retired,389937,519,0,753939,24,Vehicle,832643,Pune,1.93,0.97,0,No,Rejected
A0990,30,Male,Single,0,Postgraduate,Self-employed,672312,740,2,428206,48,Home,1636336,Lucknow,0.64,0.34,5,Yes,Rejected
A0991,46,Female,Married,3,Postgraduate,Self-employed,1036188,834,0,1454183,240,Personal,205320,Mumbai,1.4,0.07,1,No,Rejected
A0992,55,Male,Married,1,Graduate,Salaried,585007,894,1,199596,180,Business,991261,Mumbai,0.34,0.13,2,No,Approved
A0993,45,Male,Divorced,3,Graduate,Salaried,261192,528,0,981450,48,Business,31346,Pune,3.76,0.94,3,Yes,Rejected
A0994,46,Female,Married,3,Graduate,Salaried,391758,643,2,1146072,36,Business,1654060,Delhi,2.93,1.28,3,Yes,Rejected
A0995,31,Female,Married,1,Postgraduate,Salaried,1035165,379,1,774502,180,Home,366595,Ahmedabad,0.75,0.11,1,No,Rejected
A0996,58,Male,Single,2,Graduate,Salaried,1483737,652,1,911536,24,Education,732484,Pune,0.61,0.35,1,No,Rejected
A0997,22,Female,Married,3,Highschool,Salaried,1012425,695,2,108625,180,Medical,1937916,Kolkata,0.11,0.13,3,Yes,Rejected
A0998,27,Male,Widowed,3,Highschool,Salaried,486287,589,2,1449919,48,Medical,1484012,Mumbai,2.98,0.99,1,No,Rejected
A0999,38,Male,Married,2,Graduate,Self-employed,1247635,754,2,509142,48,Vehicle,1197590,Lucknow,0.41,0.2,3,Yes,Rejected
A1000,47,Male,Single,1,Graduate,Salaried,915637,427,0,393362,60,Education,1884175,Mumbai,0.43,0.09,5,Yes,Rejected
